,achievement_count,average_cadence,average_heartrate,average_speed,average_temp,average_watts,best_efforts,calories,device_name,distance,elapsed_time,gear,kilojoules,laps,map,max_heartrate,max_speed,max_watts,moving_time,name,pr_count,sport_type,start_date_local,suffer_score,type,weighted_average_watts,shoe_distance
0,0.0,73.7,143.2,4.315173000000001,91.0,303.5,6.0,703.0,Garmin Forerunner 265,4.46,62.05,Brooks Ghost 15 Brooks Ghost,1128.6,6,e~dnFd`gcOA@BMA@TAZDj@@@PCp@KjABLLDFEBO?q@BO@aA@CHCX@PAd@QjCsCVSRIREV?f@HbB\TBLFZBX?VEJ@jBKXDVJLJJL^|@j@~@Nh@@PAl@IxAErDYB_@GqBeA]GkBMW@YGu@CIHEJ@PJLJAh@OpA@DD@JE|@CjBCHc@?mAEg@OMFDHPL`@LrABpAJF@\TF@NEFK?SGOAAmAAIEAYBkB@q@DK^DVSZ?zAz@VJNBd@?p@RTRfAfBTRNHH?Xu@FU?q@OaA?}@DiAF_@HYNU^Yp@U|@QbCk@rAUjA[`@ET?RD\NxBbDZ\RL^H^?DCDQ?ICCQB[Ae@SUW[k@c@o@SUQYw@i@YJs@?w@VONkDx@i@HGF?RHZHNTTr@^vA`Ax@b@tAbA`Al@JBXPTXN^R~ALj@?LCHEBOBIEGIA}@Ku@Ic@MSMM[OOMqAw@SSu@a@mAy@CGEe@kAu@WWO_@C_@GC[Bs@La@LSTW^UbA?b@CTBHA|@DZLXBRCLQTEPQ^Bl@DJNNb@XXVd@VZX\j@JHFCBGAGEI_@Qe@e@SAOIiA{@OSSIc@_@MEq@eAM[QMS[F_CH}AAg@Bo@Cg@G_@KSGGMAKIEAGBo@p@a@PUHa@Fa@Nu@N[Nu@Hy@GS?gAMg@Wi@_@o@bAg@`AIFI@GAIKESFSh@[d@{@^KNFf@`@d@Tl@Jn@BDCJQXKj@Cp@Kt@Uf@Ix@Yv@q@DMKK[i@QU]KWCiBNICMD[?a@GMGc@CqAWGEOc@WGQ@a@He@Rq@t@}@x@W^SRUHe@@IEA[FmAHq@?QMMEAE@IDCLDz@?j@MjDKp@BTLJB?DIDWCa@F_@H{DL_AAQKIKAIDCFBjAA~@G~BMhA@LFJFABKFe@Di@DsBDe@?m@JaAEOKGE@OFAJFv@GjBEBC@gAKW?[C@LBDTFFB@R,160.0,6.420190000000001,437.0,3719,Morning Run,0.0,Run,2023-08-02 10:46:27,58.0,Run,310.0,242.52
1,0.0,72.4,132.9,4.194375,88.0,287.6,4.0,279.0,Garmin Forerunner 265,1.89,27.0,Brooks Ghost 15 Brooks Ghost,465.9,3,e~dnFx_gcOj@@LB\@D@@\Ch@M|@DTDBNCBM@WC]BOBiAZ@TA\KROjAoA@AB@hAzBy@rAKJ]LCDCJ?HNTB@JI|@_B\g@?c@CQc@o@a@u@aA`A_@b@OLOHWB_@EKB?~@G\D\ATGJK@GAGKCMLs@Bc@HyDE}@DMHEFAFBHL@JM~@AzAIF_@EoBIIGAuABWNo@?KCKMEQFENDt@EjABd@AD}A`AWFa@CCjAIbA?`BKlD@Dl@@TENMv@}@TG|AH^D~@@`BFNF^RH@JKBI?SIIIAM@mBKo@Aq@GoBIU@UHm@v@SPUBc@ECUHeBHeFBEFA`@AXGRM^MDGDc@RMBGC]D{AEq@DMDEL?HBFJ@JCXK\C`A@f@HD^AxAHD@R^ElAELBt@AHGBEBGAIUHy@BuAc@@q@G,153.0,6.330710000000001,467.0,1620,Morning Run,0.0,Run,2023-08-01 10:48:22,10.0,Run,293.0,238.06
2,3.0,73.0,155.0,5.091412,88.0,340.2,5.0,430.0,Garmin Forerunner 265,2.72,32.28333333333333,Brooks Ghost 15 Brooks Ghost,653.8,9,gadnF|kgcOf@Bc@A]EeAg@g@[_@Ig@EyAAu@GYDIBAJ@PDHRAb@Op@D`@?HJCRGxCGLi@AiAK]MKAGDIVDHBIVWZFdADLDVVHDXDb@?h@\REFKC]EIsAAICEGNmDAMqBGc@PG?OGEKAKDIHCHEJAl@BJDDCp@BPA|@Fl@PZThAh@XBf@Bf@HNFHLz@|Ah@t@p@l@jAz@n@l@R\H@BC?QCCYQyCyBKOCK@ENYLYDa@?UOmACa@Do@AYFg@NUL]VYXOdAUDE@GaAPe@R_@f@MXGdA?f@Cl@PpBKn@Ol@CDUCWB]WKMm@mAYUEOKKQEg@A[IeB{@m@OeCGk@Gk@LBRPRj@O|A@@PIrA?nAENU?uAIo@SIBIL?RBHBBB?TQb@JnCPT?H@NLTHJCJM@MCKUIcAAIE?{@HwBEMEAi@?{@Ea@NO@KG?QJSNIh@BRDLCRBb@Af@H\BTFx@b@\J`@TVBX?B[?uADcAA}@Fw@A]GQa@}@KB[b@SRMFc@LyA\s@TgAJuBM[K[Qi@a@[]aAeBCICCg@h@_@j@YRw@De@Es@AQE]?CB?D@@@CBD?A,180.0,8.339536,572.0,1922,Lunch Run,0.0,Run,2023-07-31 11:04:36,51.0,Run,373.0,236.17
3,0.0,72.6,139.8,4.154109,93.0,286.7,6.0,619.0,Garmin Forerunner 265,4.14,59.8,Brooks Ghost 15 Brooks Ghost,1028.5,5,c~dnF``gcOACDE\?NDh@?BW?g@B]?i@Em@@KHURCLFBZOt@CbAE^?B@@X@LARGXUxAaBJC\DNSLK^ONCL@v@Tb@D^Jb@Dj@LX@fCOv@BJFVVBN^n@@D{@t@y@TSJGA]Fo@Ty@PiA@i@Co@Mm@YKQK?OFcAnBWZGFG?MCIIAQDQNKTIHGh@}@LU?Ga@k@KSQYGUEAq@v@SXUROFOBi@CGBCH@bAFt@EPIFI?QGAMJeADaBAIy@?c@EY?ICCIAQBoALaAIQO?KNB~@Ax@Bx@oBhAOBUAOKUBeBG[Ek@Oi@CIE@}ADy@FEb@?HBNLLIFQ?KGKIA_@Fg@AiCKe@Hc@@o@C[OKDGPDPLH^I|@D`@GZA`@Dx@@L@BD?`AElACFEBs@Ew@AgBIU?KCIGMCOHETFNNFHGTCf@F|@?rAFr@?DDCT@f@ADAdACLCDIBO?k@Ce@?q@IYDGEOAYAU@eAIaBEe@Ii@Se@Gk@G_@@e@CEUDqA?u@BMHAVBfAR^?J@RJJ?HI?QE[A_AHg@?KGGGCKFELFd@ElAKDk@?_@MOAoBM_@@m@GU?EICy@@MJU@OCIKIC?IFENF^?NAh@Kb@BLDHHDVI\?v@F\AH@BDInAAdAAHGBoCIKDITHPLBHCHMLC^@TBb@?xAHXAz@FZFb@Pv@N^A^BdEJbAJb@Af@BNEDEDIDS@mCBEDAd@Bb@L\FT?`@Fj@@F@BB?~AEh@M`E@FN?PP^BPCdAeAVONAr@Dl@@xAN~@@d@Dn@@LDFN?RILU?]USC{@?_AKoBEa@E[@YV[GGDKPYNg@CGCAEDw@A]DuBJoC@CHE^@f@MVQDIBSJQZS@GC]DaAGcAHQHGNBDFBPMbACr@?b@@Dv@BhALFGAm@BcACQ?YFSNCB?LP?PMp@CbBAF[ZuAGEB,169.0,6.429138000000001,493.0,3588,Lunch Run,0.0,Run,2023-07-30 11:15:41,40.0,Run,292.0,233.45
4,0.0,72.1,146.4,4.127265,93.0,287.1,6.0,642.0,Garmin Forerunner 265,4.01,58.5,Brooks Ghost 15 Brooks Ghost,1005.4,5,w`enFr`gcOUFk@Z]Di@CAOBIv@Il@_@r@]?ICo@@q@CeA@INKN@LNAVIf@ATCbA@Th@@rAJFEBgACyABMFGP@JFDFMz@Cn@Cz@?BFB\AZGzAcB`A}@\WRE^CZB`ATRBnAVd@D`@EnBMb@DXHLFLRh@~@p@tAJ`@Dh@MvDCfCJPVPFJr@nARJRR^TPNLRBAFBNPr@d@d@`@PTPZDC@G?IEE]YQScCiBGI?GXq@Ji@Ca@OqAFiA?SHs@BON[XYNIjA[b@IfAYZERIdAUVI^E~@WZ?ZF\RTVhBlCXXNJVDh@@DA?q@Ba@HWFQbA}ANO\KTAjAB~ALVFVL\j@Nj@DVCnAI\KBICEG?KH}@Cm@IYKUKQUO[Gc@@oBK[B]X_A~AIZE`@@`@Jf@RXp@x@Ph@D^Bh@Cd@CDE@MEEKBk@M}@QYQQ[e@Qc@Mk@CAa@?SCg@Ym@s@uAsB]YMGWE]@iCp@oCf@UJGA]W_AVg@RUP[j@MhAGvBDb@HHHj@?TENSj@KLSBIAKMIAGE}@cBOGO]LqHGq@Oo@kA}BUYUKk@MW@w@JcBBo@Qi@Eu@Ue@Ic@AS@_@N[TiCpCWNWBo@EIGHoBGm@@KFGTAHF@PIt@EhBBBD??BMXAdAEXDj@ENKFOKCSJm@Dm@Ck@a@?SCgAAWD]Ti@ROLCAAEA@EE?SHGjAo@^MB[?kAL{@?KCGOCMDCRDvAAb@@d@AHkBdAWBQCGFDNJ@n@EdAm@\OJCV?fAHPAL@DFCbAK~@DRHDHAFa@Ca@BYHwDLiA?OKIKAC@KRDfAGxBEBY?y@EWEK@?AP?D@@B,176.0,5.981738,492.0,3502,Lunch Run,0.0,Run,2023-07-27 11:06:50,68.0,Run,299.0,229.31
5,0.0,73.5,149.6,4.393468,93.0,308.2,5.0,504.0,Garmin Forerunner 265,3.1,42.416666666666664,Brooks Ghost 15 Brooks Ghost,783.0,4,g~dnFv_gcOe@?y@\s@`@c@FYAb@CZGr@_@BC@_@NMNGCw@Bw@Gu@DUDEFCJ?HFFTOx@?d@Ev@BLFBtBFBD@VCrAGd@ENFRLFFK?q@DY@y@BMb@?\IJEn@g@j@q@J@@@HPt@jADLCLa@h@Yd@e@TEHAF@LHNFDNIvAeCH?z@h@h@RdBLl@CrEkAZOd@g@JA\j@Lf@Av@G~AC`ABLE`A?TEJI@[C[Km@Wo@a@{@Qq@CY?a@CI@ICi@Ea@LCFDJFHNBb@QpCJ^Dj@Zj@R^T`@Jd@?n@FLN|@|ANHZVVLh@`@VVn@`@JP^XXd@J@BQEIg@UwBkBa@WEM@ONWLMFOD]QyAC_@FqBBQRa@NSZWlBi@DF?PHXJRJL`DnBz@l@lAp@\XhAt@R\HTLrAEKI_AIYYc@wAw@OOgBkAeCyAu@i@OQMUKs@]SwAZUPUVU`@IZE`@CxBBf@JXB\?d@a@z@UFE?QOICIKo@sA]W_@{@AaAHkB@y@BY?e@AQUi@[c@o@sAKM[Mc@Gy@F_@?CDYDo@A[COGcASYEc@Ke@GW@o@\wC~CUJM@Y@KEE@C|@GVBt@EJIDKEGOBc@D]BcADSV_@Dy@?e@Js@?GCKGEIAOHCLDhAEnBEHo@A_@CM@,178.0,6.2770220000000005,478.0,2541,Morning Run,0.0,Run,2023-07-26 09:36:56,57.0,Run,321.0,225.3
6,0.0,74.3,147.5,4.388994,90.0,301.7,6.0,631.0,Garmin Forerunner 265,4.15,56.85,Brooks Ghost 15 Brooks Ghost,1027.7,5,{jumFxzrcOMDEL@PFJHBPAv@Vj@DNFTNFAJIBSCOSAQD}@Ms@[EE^aBX}AJWBAF@dAd@JNHDF@NEDMAOIK_@AMCy@[EEAEJs@XgAJ{@AaAFiCAO@eABKP?pAH`@@FH?TO~DAlAJp@r@hAB@HO@Me@s@O[AWDmAHCrAFv@DhALbABHD@FIhCJf@FLPNXL|@@j@F\?B@BFYrCUt@[d@_BvA_@^SX[VIL?JJBHA^a@PM`@e@FF`@v@lArAHFH?LEDUCMMIe@Oa@_@]e@Si@jAaAT]FEpAhAP`@LTLDHABCDM?IIUq@e@kAeAPq@F_ANkA?GMIuACcAEKCYUOYKs@@MDsB@CJCXFlDN`@DbAX~DzANCDIBUEIQCMFM?eA]_Aa@_AYq@OaAE_AI_@?wAKgCIw@IoAGGAIMFq@FyBFo@HgD@{DJoFBCFClDLvEZlABb@FjAJC@[AuAMgCMm@GiAC{@Ik@?_BOODE~A?dAGvA?lCK`FrADjEXDCAEDu@@iASGeCo@EICOHQJENHHNNH|A^b@?HJ?TITG`AAt@RDVAhAJb@@f@DJLBJ?HIJMBEAMQGCcBK]?e@Is@Cg@Ee@?uBOwAEg@GaBGGKPcCIOMCOPAHDV@RGvBE|CGfCKv@]xACBIA]Og@Im@?}@I[MMBILFb@EtAEn@UlABFD@H?DGTyAJgCfCJZFZLBBAJKf@YrA_@nAKE?G,167.0,7.3038050000000005,440.0,3407,Morning Run,0.0,Run,2023-07-24 10:09:27,74.0,Run,310.0,222.2
7,3.0,71.3,157.8,5.006406,90.0,327.0,6.0,715.0,Garmin Forerunner 265,4.49,54.0,Brooks Ghost 15 Brooks Ghost,1055.8,7,wjumFvzrcOFL~@b@p@FJBTGF@JNCXIHMBQOi@EUEs@[]?IM@QPWDQf@}BRw@AMIGi@MiCKCXAtAENG?KI?{@Bm@C]?QHIHAZL|BL\HZLD?`@oBFi@NcHDMNKbBFd@?FB@HCnAG|A?HFH^Hl@FnABXDhAHp@?FB@BAr@Rt@@h@HZPPTF~BH\D^JfAd@r@JNNBJERADQBq@c@QEkAi@IAGBCr@MvAOn@?H~BlBDH@LCJEHIBIAm@cAeAcAOB]f@{@z@?Lt@`ATTf@NPN@RGPGDE?IAKKgAoAg@}@KFkAlAGBEAGI?K?EJMjD_D\c@L_@Ha@LmAF}@NONEN?bBp@f@DNJBRAJGHMDy@g@yAm@GAEB?PM|AUfA?HJLb@XnAfAHL?JAJGJIBOEe@{@kAiAKDGHk@r@c@ZCLBLfApAf@RNLDTINMFSOeAmAQYOc@EEa@X_A~@C?GECQJQbByAr@w@ZWNSN[J[NgAJsAHIXOjBt@h@HJHBJ?JEJGFI?OISQ]OaBo@MAELWtCIZGLUZe@f@q@n@cBxAEHADJJFBFCz@aA|AwAj@s@T_@J[NsAFeADIBCLBjAf@d@DXRL?HGCMKQo@IgBk@QBOJIL?TQnBI`@M\OTwBtBOd@MV]\C@GACCCMd@g@p@k@V[pAmAXc@La@BQP_BBe@JQFEXE`Bl@j@HJHDF@JAJIHK@e@]g@Se@MYOOAUxCMf@Wh@mAnAcA|@s@v@IDOA?[^[lAmApAmAXg@J[DYL}@D_ABKFGXMHA`Bp@b@BLDJLBHAHILQFc@_@q@YUEQOq@MkCOc@QMOSg@Au@Dc@By@AIECk@CM@iAIi@Ae@Ee@@GCe@EWMAEHiBA[Dw@AEqBEUGEnCG|@AdBKx@oAbGEDU@EBKp@GJEBKCECBC,188.0,7.507372,579.0,3229,Morning Run,2.0,Run,2023-07-22 09:27:45,105.0,Run,368.0,218.05
8,0.0,75.1,146.5,4.746914,88.0,334.1,6.0,506.0,Garmin Forerunner 265,3.16,40.03333333333333,Brooks Ghost 15 Brooks Ghost,801.1,5,ykumF`zrcOBARNALGLAHFPPDHA^NBI@OYIIGACRgANk@ZaBDEFAJD~@`@TXF@JG@MCOEICAS@ICo@WSEECCKh@yBBWRsG?mADM@Af@@nCP`A@rBJZDr@DF?DGFa@Cg@Bm@AKgASsA_@GK?MBOJINBPTJD`Bd@VCJFDF?HIZCp@CXAl@\Hz@@RBtADJFBHBNCHIHIBKCIOIE]?s@CmAKo@C{@I{COq@GK@AbBEjALDp@?TBvAFbAHlDLdCRz@PfDtAH@TIF@JLATCFIFK?qBq@{@_@iA_@gCOo@A]EMBEH@D?^EjAHd@NR^JbA@p@D^Fh@NpAf@h@DLLDLMXGDI@k@e@e@MaAc@ID?RQxAA\Op@DFTLh@^|@x@BB?ZEPMDOEc@{@kAiAKBMTm@n@WRGLf@t@^b@|@d@DREPGHIBOIsA}Ac@w@E@c@`@m@r@A@G?KQAKBGrAiAbBaBh@y@Ny@Be@LqAGE_A?a@Ga@AYGKKYg@E[?]JiB?GEEmACqAKgCKUMEK?UH_BB}AEKI?}@Au@CS@ICEGHkAEQ?ODMFEJBFDDF@LKj@GxA?jAKdDAx@KbAMt@W`ADDXFp@VV@FBDJ@TCHIFOAYWyAq@I@INIt@Ox@YhAIJ@GEE,165.0,6.514144,513.0,2398,Lunch Run,0.0,Run,2023-07-21 11:26:56,47.0,Run,344.0,213.56
9,0.0,73.3,145.2,4.467289,90.0,307.1,6.0,500.0,Garmin Forerunner 265,3.14,42.28333333333333,Brooks Ghost 15 Brooks Ghost,778.2,5,ikumFtzrcO@BG`@@DHJX@x@Zr@DTNJ?HK?UMOQB]EABa@Ic@QOEGMbAqEFAbAb@LFPRH?JE@E@SAKIEQ?MCgA_@IG@MXeAN{@LsEFkAAy@@QDGBA|@D`AHB?@IBO?kBDs@?oD@u@Fy@BiC@ERFJE@ZO|FBpBOrE@Fz@Hr@@`CJ`@FJ?DEFwBCMeB]s@SIM@WHOLAJDLRXLrA\X?LJBFM`@Ez@Av@BDNDhCJd@?FBH\CNGDK@KEGIGEcBOeCG{F]IdD?HHDj@@XB~CPt@@XXFPI|B@PDNRVPHzBHx@NrAh@PDZBPFJPATOJMCc@We@OeAi@C?A@WjCQr@@F\T`BrADL?NCLGFEBQEc@{@eAeAGCC?CHa@b@{@v@FPbArAHFb@PHFDF?JITKBOGw@w@c@k@Yo@AAOJKP]X_@`@IAGO?IVWf@a@j@m@lAiARUFORq@Be@Ha@H{@?UAC]@iBIUIQOOWOm@NaCCGGCUCOB{@I}@AwAKU@SEELC`@D`AEHGDCAIMC[DyADUFwECGaCECCAIBu@Jk@CMQIQNFv@MjD?t@GxCG~@_@dBOt@Od@i@fCI\GD,165.0,6.415716,463.0,2534,Morning Run,0.0,Run,2023-07-20 10:51:09,49.0,Run,320.0,210.4
10,0.0,72.4,142.1,4.301751,88.0,294.3,6.0,860.0,Garmin Forerunner 265,5.51,76.95,Brooks Ghost 15 Brooks Ghost,1357.2,7,ekumFvzrcOB@BEF[PIJWDMJQZ_BDENB^R\LJFDJFDNCHSKWIASAw@[SEEGf@eCDa@JeDDuCBCbCLFA@G?iAHsDAgDBKZWBGFaD@IDGxCPxH\p@FrAP`ADpAJhA@RDbABv@CnBo@TGj@EFSEc@HEHAF@\\p@Xn@\pAx@v@`@n@P`@B^AxAMl@?RCbEL~@L`@?b@BNIFYHgC?AKzCEHOH_AAoBQ_A?wAMSDw@?yAP_@?g@Ce@O{@m@sAw@_Bq@W[G@IDMNWF_A\k@L_@PQDc@BkCUaBIi@I]A{F[}AGKKSCmBIOB{@EmAOeFU_BO{CIwAGq@Iu@AKEa@@}@IaBCw@GG?KCGMKaAWiEI}BAaCEkBDwAF_A\mBPi@p@yAZk@h@qA\qAJqAC{AC]e@iBMs@u@mB]oAI_@CSSq@CUESC[Kg@Gq@OgAEu@Ks@EyAB}AF}@TaB`B}FLm@d@kBJi@RaAfBqFd@cBJo@Fs@BkACm@UaB?Q@VNt@FhAApAGp@G`@YlAq@rBcAdD{AvGg@bBS~@Ut@UrAQzAEfADzABd@d@lEv@jEt@hCt@nBVbANfABl@KrBShAM^S\Yx@_@n@[t@[~@UhAKt@IbBDdCAbABn@DdAALJnBZzD?^BDDBl@BPDRAZDH?n@Bj@HVADGFsBHs@@y@DMHCF@DJKfAE`AEZ?|@@DPDn@BDHDXjDTbDLp@H`A@h@BVDTANB\@HFCnBEX?|@Cx@AnEIvCAB_@?}AI_@FCBCx@@VGdDExAG`@UnA_@rAKp@e@jB@FEBI\EAEC,174.0,6.120432000000001,528.0,4612,Morning Run,0.0,Run,2023-07-19 10:53:35,71.0,Run,311.0,207.26
11,0.0,71.6,130.8,4.113843,88.0,284.2,4.0,294.0,Garmin Forerunner 265,1.96,28.65,Brooks Ghost 15 Brooks Ghost,487.6,3,ikumFtzrcOB??BIF?N@HHFR@z@Tz@JXRJCHK@QCKKAe@Bi@I}@[CEz@iEFMRF|@^PTD@LAHKE]c@E]Qi@SEKf@yBFu@HaF?{@FObCHFFOnE?`BF\FLl@dAFCHM@GIG]e@Q_@CS?_@@m@BGLCnCRd@?l@Hv@?DD@JG~BBZDNLRXTLDbCJHDU~BIh@IVQ^WVw@t@QL]^m@f@QRID?BFNH@FCtA}APM|@y@`@c@Tk@FSX}CDEB?|@ZRCDEBISCu@Yg@MqAEWCU?OASIMOGME_@FgDWB}BKg@Ga@?yAKK?QHC?CE@g@B[DqBAGg@CQ@kAKCFGnDKtCUxAQn@ALVNx@ZNAHBHJ@NMTO@][_Ac@MAOdAo@pCEBWQCG,145.0,5.65961,410.0,1716,Morning Run,0.0,Run,2023-07-18 10:34:13,9.0,Run,293.0,201.75
12,0.0,72.2,139.9,4.435971,88.0,304.5,5.0,429.0,Garmin Forerunner 265,2.69,36.766666666666666,Brooks Ghost 15 Brooks Ghost,664.3,4,mkumFnzrcOBBE`@DHDBX@|@ZLAh@FRPF?LM@OCIIIa@HSEY?]K_@QEEBULa@VqAXmABCfAb@JFFLHDJ?JC@I?WCG[?KCSKq@SCCAKj@aDD}BJcCAo@@MB?dBHXAFBBFGrDGfB@\J`@t@hAZz@F`@Df@?`@G^DTPBLODQK_@GaAKo@Qe@c@aASWMYEUBi@A]BMT?xCRX?^F|@@FB@NIzBF`@DLHLNNVJfADVDb@?LBUpCKb@O\QVw@z@}@x@WLMTc@`@CFBFFAX]NKN@^e@DAHHZj@zAdBD@JAFO@KGQ_@KWOs@y@QYEOBKl@c@^]R[DAl@h@^Xd@`AD@JAFI@YCG}BgBGMPy@ViCJ@\L^Jf@Tn@^NAHS?KIIu@KiBu@a@Ia@@g@G_ACOEMKEIGOG_@D_A?s@BKPAtEZv@T`E|AHAHIBM?KEEKEG?OHQCcDoAg@QYEgCOaCKqAKgEOGKEQ?cBDo@AGCAQ?qAC[EEBAjAI|DEFSJA`@C\g@rBKt@]nA_@fBCFE@EG?KKGCB@@,160.0,6.885486,436.0,2182,Morning Run,0.0,Run,2023-07-17 10:26:19,33.0,Run,321.0,199.79
13,0.0,73.4,140.1,4.4024160000000006,84.0,306.7,5.0,471.0,Garmin Forerunner 265,3.03,41.3,Brooks Ghost 15 Brooks Ghost,759.9,4,meumFl}rcO?OGKIAGDU?k@Ky@WGECG^cBHONy@Ne@F?fAd@VVL@DCDMCUCK[BME_@S_@OEKZ{AR}A?s@Dg@F_EBGn@@p@Fb@?FFIlBGbEHb@|@vAPb@FXJdA@RId@@HFJHBFAJO@MI]GcAIc@WaAUc@_@e@[i@@a@HO@_@FIdH\B@@LGbCF^PZTRXHn@?b@Fh@BHD[tCOj@SZkApAyBnBCDLRF?l@u@h@c@DDf@z@lAvAJFJIFK?MCKEEq@Uw@eAMSEMnAqANWFAh@f@VNLJ`@`AHBD?HCFK?Wm@m@sAcACE?IJa@LkAFgAHInBr@b@ZJBHEFW?GUQk@CkAe@c@OsBMo@AWMQWIc@DwBBIFCbAHh@@d@FbAF^FnBp@lBv@PADEDQAKKIIAQHKAuCgAaAWm@IiG[s@Iu@AgCOCQBs@?aBJcA@eABu@BkACaCFsCHkB?GEEM?GBEPCpBElA?lDK~EID}ACi@ESDGjEEl@A|AO|@Mb@{A`Hn@uCg@fCIREB,160.0,6.071218,434.0,2478,Morning Run,0.0,Run,2023-07-15 09:46:18,29.0,Run,313.0,197.1
14,0.0,71.1,125.7,4.019889,90.0,274.1,5.0,287.0,Garmin Forerunner 265,2.01,30.183333333333334,Brooks Ghost 15 Brooks Ghost,493.4,3,sjumFpzrcOW\?PHHD@NCr@\hAHLLLAFM?SKII?WDUEU?_A_@EKZkALy@?INu@JSJ@TNh@RJFDJJFL?BEBGAWCGICU@YMm@YEMFg@VgAFs@@mAFq@FyAAqADO|BHLB@DEdCK~B?h@BVFPr@hAFAJUMMg@w@GUAw@Ba@BGbCLnALtADDJ@FCLGjBHb@P^VRLBlCLCn@Y~BSh@Y\Kn@WZu@n@SVw@x@?EPSp@s@NSJE^a@`A_ALQPa@H[VuCBOrAd@f@T\VP?FIBKIUu@IQE}Aq@g@GkBIWCIGWWI]FiCAQIMECu@Cg@EcAEi@?w@Kc@?ECCA?MDo@BmBBc@ECu@AeBICC@w@Jo@GQKCIBGL?LDT?PGhBEbABPAn@OxDMt@W~@Gj@Sh@SlAYpAGNC@EEAC?KEA,143.0,5.77146,389.0,1800,Morning Run,0.0,Run,2023-07-14 10:48:42,7.0,Run,279.0,194.07
15,1.0,71.9,148.4,4.156346,93.0,284.6,7.0,994.0,Garmin Forerunner 265,6.29,90.98333333333333,Brooks Ghost 15 Brooks Ghost,1551.6,7,gkumFtzrcO@DGN?H@FJJF@PARJp@Pl@JNHJ@HGDOAIMM_@Bq@I}@YCE`AuEBCN?`Af@PRHDD?HGFMEUEIY@IAcAc@GGZcBNk@HcCD{D@OBChADz@?DDCdCGx@JLPFLAd@DLALD~@FrCJDBGrCNl@LNZP\FlBDFBWrCOp@]f@m@n@iAhAQJST]\AFLND?X_@z@y@PPN^\`@f@f@Z^DBJ?FWAQy@o@CBGAUUk@s@CK@G\WbAkAFCj@\d@b@d@bAF@H?JUGWcAu@_Ay@?MN_@VqCFKD?dAb@LF^LVRJDHAHQAKIM_@Ic@Ee@UIAy@][EmACo@EOEMIMWGa@F}BLCd@Dd@@v@Hv@Bj@Hl@Pz@^fC|@HABEDQ?KEGKEa@Hs@YO@i@QOQqAg@{AMgACs@Kg@?mAE}@Is@AUEsAGKCEKASFu@@qAFK|ERlDVp@@d@HTPD@DAHEBWAKGGgEQCE?MBYBqAJU@KAEQMUDkBc@GGKSGEI?EBEDCJDRFHN@vAZr@T@XGz@?d@EN_@A]E_AEQC_ACgAGKCCq@Fw@DuBAuBBoBDc@AKWCGGHqAAg@DUAImAEBAyBIYC_@?_@Gm@AyBOQ?o@A}AM_@AYEICs@@e@Gu@CsAAc@CECEIW}B?k@I}@GwBGo@B{@GyB?aCRcBRkAPi@Xm@BK`@u@Ri@`@y@V{@Hm@Je@@uAEu@McAg@aBOa@W}@w@qBk@yCIm@Ck@M_AOuBGmA@eAPiCX{A|@mDb@qAHi@ZkAh@aCFMNo@fBqFJi@LwA@g@CeAKaAI_@@Q?LTdA?RDv@?ZEpAStAIXw@vB_@vA_@hA_@xAY|ASn@S`AQf@gA~DKb@MbAGjACfAFbBt@~Gl@vCn@vBp@dBT~@Lj@Fb@@v@CzAWpA]hAa@p@eAzBK\YnAQfBCr@BjC?v@PnFJ`A@f@P`CBHlBJj@CB@C\@FB?zAHRDv@?`BLrDPj@FL?dAD|AHd@FlABJJI`ACdBC`@CbB@pBGbAC|BCF{@GgAAGGBc@Bc@H[?IEKCEM@OH?TDV?b@KdCGvEE~@[~AKZEZSp@q@~CIHEA,168.0,17.788624000000002,462.0,5451,Morning Run,0.0,Run,2023-07-13 10:42:53,116.0,Run,293.0,192.06
16,0.0,74.2,147.7,4.415838,95.0,313.4,6.0,793.0,Garmin Forerunner 265,4.85,66.16666666666667,Brooks Ghost 15 Brooks Ghost,1238.3,6,ekumFvzrcOGT@LFJTAbA\r@HPLH?JIBSKOG?SD_AKs@WEEZiBLa@PaAFMXDr@^NHHLN@JM@YIGGCOBMAo@[YICEBSNg@Nw@Hi@L}E?aBHIdCJD@@LCfAKhCA`A@\L`@d@r@Xl@Rt@HdA?LGd@@HDJHBJEDGBQSwB[mAOYa@m@Sk@A_AD_@fAH~@@j@FtBHDFElCFb@T^HFPHJ@xBFH@BBEv@SfBK\OZSX}@~@]Vw@x@ID[ZBLFFB?nAwABAF?DDb@x@jArALHLCBGBKCSCCi@IIEaAsAIQAI~AeBDCpAbAd@~@DBH?HKBSEOu@g@gA}@EG?KJYFc@JaADw@@CD?^HpAf@j@^D?HGDW?GMKk@Ce@O]Q}@Y]G{BK[KIKEME]DcA?y@BGH?`BFtBNj@Nl@VTAPBXNBLBD|Af@D@HGFOAQQM]JYEqAi@]KUMyA_@{BKqDU]?iCQu@AEACKB_AA_@D_A@IBA~BJx@Ht@Bb@F`A@hCNJDLND@HADEFQISGCkAAsBOCK?MDs@?k@Lc@COIGYByAYUKMY[BEBCLFNvCt@JHEzBCHE@O@u@I{@ES@m@G{@Eg@EO?EAC_@JwD?}CFgBBgCFOXBPAtBNl@@fBL^?hBLp@@~APb@FfBFpDVpACj@O`A_@b@KVCF@a@BODc@PwA`@g@De@A{COc@?SEgACUG_AIqCQCBEzAERIDa@Aa@@QEKa@AeAFMCMcBGm@@eCSCNOpFA|@BhAElBEf@AhAABE@cCICEDaABQDM?K?GKKK@GFERDT?p@GnAEhDI`CC^Ih@[jA?DDBbBp@NAH@HH?ZILO@[[cAa@I?e@vB_@vAHFd@R\Jn@DLEH@FDDJ?JAFEFMD[Ou@Is@WYAKCCECK@QFMCG@IIEC@?G?B,163.0,6.782584,452.0,3951,Lunch Run,0.0,Run,2023-07-12 11:06:32,84.0,Run,322.0,185.77
17,0.0,73.6,147.8,4.605983,91.0,323.1,5.0,457.0,Garmin Forerunner 265,2.8,36.61666666666667,Brooks Ghost 15 Brooks Ghost,705.9,25,akumFtzrcO?DGP?J?FFD`@@XPrAPRLHAJGBOOQEA[Fy@IWGYOGG?EReAtA{FPiAD{@JsE?sABGJCr@B~@HDABGJgEAmDNiFn@EjAFt@Bt@F@@qACgBMMBCFA~AKpDBtBMbEHaFCm@BP?~@IbE@TCC?IBa@Au@D[B}@AqBB|@IdDAnACQJkC@qC@~@IxC?pAC@AKB]CK?UHsABcACI?cABzAItECGFcBBcCAgADdAKhFTD^?rETwBCuCQb@CbAJdBFj@F\??BeBEoDUABCbAC^@JAT?HEr@DDLBd@?PBbDND@BDBVCBUAaEQ[GGBChABVLX|@xAG\GBc@{@g@u@Mi@?a@HsA@_BBo@@i@AEq@A{AKE@QTBXMdFE~@Kn@Or@ITG^M\w@xDEDIC@MKGBA,181.0,8.581132,785.0,2185,Morning Run,0.0,Run,2023-07-11 10:57:55,48.0,Run,363.0,180.92
18,0.0,73.1,144.2,4.56348,90.0,318.1,6.0,606.0,Garmin Forerunner 265,3.73,49.083333333333336,Brooks Ghost 15 Brooks Ghost,936.0,5,ikumFdzrcODCHALs@Vw@Fe@L[?Kg@WK?e@I{@Gi@AI|BSpAI|@IVKp@?^GNGBI?GGCI?ITONQDc@HW\{BFg@DwAA}@D?VFvBNr@TDADKTeANoA?QH{A?iAJ_FCi@DKHGNBFN?NKXA|@@JD@JAV?fBJR?XBvCJJBfBHBEBa@Ag@Bk@AGGGi@OgBa@IQ?SBGFEH?JFRV|@R`@PL@RCLJDLM^Al@CTAl@DFHBp@Ar@HjABJBFJ?TIPIDICQWOEoBE}CSw@AaAK}@EQECNAtAG`A@JbAJhA@zE\tABhAHbAN`E|APGHANL@NCLKFO?QE_@UoA]MIQGm@Y]Ig@Ic@?]Eq@AcAIG@K`CF`@LNJHVDh@DV?NB\@v@JRHHFF?d@NXNn@JFFDH@RABMHM?k@a@OEsAi@GACBCl@OzAQz@zBdBJN@RKPKBKCECS_@IWiAcAGCG@KVoAlADNdArAn@THHBVCHGFGBM?MM{@aAWc@Qc@ECG@oApAI@CECO?EJM\]NKbAeAdAcAJOL[Lm@PcCKEuBE]ISQSa@G[DwADu@EGEAm@?kBKoACq@MGFALC|@DXfAnBRr@Jl@B~@FN@RGPGBI?KEEWDg@ASOkA[_Aq@iAMk@NoHCEm@@g@Ak@KEFCrCM`EWjAQl@AJHJ|@^JBLCLBHHBRKROFKGWW_Aa@IAu@pDMb@?Bd@RZFt@JPGJBJJ@RONK@]Oo@GgAa@UW?GFQCA?G,165.0,6.3217620000000005,497.0,2942,Morning Run,0.0,Run,2023-07-10 10:43:55,57.0,Run,333.0,178.12
19,0.0,74.8,147.9,4.733492,90.0,321.9,6.0,515.0,Garmin Forerunner 265,3.13,40.05,Brooks Ghost 15 Brooks Ghost,765.2,5,akumFvzrcOA?IVBPFFF?JAdAZx@HRJB?HIBQEIEEK@SDe@IYAs@]G?He@FHDYDGFa@NQBSFGAEHSPOCKHCN@\HLDNNNFF?DCFMAYII_@BSE[Qa@OCERs@V_BDmADi@FcE?MBGXAv@Fr@BB@@HIrDDPf@JtET|@@DDE^CrBDXTd@NLd@Jl@HbAAJF?JQtA?d@Yr@]l@_AbA_@ZWX_Ax@AFBHD@PCPUTW\]HCFFTh@TZVTf@r@HFLADGDSESc@KMKk@q@[g@?G@S|@y@Za@HBjA`ATn@HJNBHCFI@IASKMe@Ya@c@QK_@]Jc@ZyC@CFAjBt@ZVJBF@FEFI@KESEEk@GaCw@i@GkBE]MQUEOC_@FkB@IBErAHtAF`AJfA\xAn@h@RD@JCF@PPHCDGDM?KGKMCQFK?cA_@oBw@y@QeACcAGqBKaAIwCMg@G[?EIAQDu@BwA@ItADfAHV?j@FbBDrAJT?t@FPPJBLCJO?EESKEsACgBKEI@c@AMDaAF]EUKCSBe@IeA]U[KAOHENBLHHTHpB\PF@PI|BEBmAKcCI]Gi@AM@[VcACaAICFAxAG|BEtAG|@g@jBDFh@RZPJ@LAJDDH?VMNKAQQi@Ym@YKCG?Ol@QdA]xAGDEAAQIG?BA?@AE@BCED,163.0,7.869766,500.0,2377,Morning Run,0.0,Run,2023-07-07 10:24:36,52.0,Run,334.0,174.39000000000001
20,0.0,74.0,149.3,4.758099,91.0,330.9,5.0,445.0,Garmin Forerunner 265,2.68,33.95,Brooks Ghost 15 Brooks Ghost,671.8,3,ikumF`{rcOCD?NLPZ@v@XTBdAWECI?MDO@e@Ia@MKGQEEE?EJs@Tw@`@iBD?jAh@RRD@FALU?IGMKAM?MCi@Y[KCGl@uCHaEDm@@oA?EDEjBJX?BDCrACd@?l@IzABp@F`@v@jA^fAHl@@l@Gj@FPR?FIDMIeAOeASu@O[m@{@K]AS@u@@QDK`AHtBJr@Hx@@BB@VInBHf@PZZTRD~@F|@@D@W~CUp@SZcAbASNYZoAfACFLPLChAqAFCHDVh@hArANRLFHCFG?E?[_A]m@y@Wc@AIj@k@`@[R[JAnAhA`@v@NBJM?YEKy@k@c@c@]UCG?OBCJk@B]F]HgADCPFvAf@l@`@N?HKBIGSIGa@CMCk@QeAc@e@Ii@?{AGOISUG[FkBAYBIX?dCRl@@VBf@NxBv@|An@BALKBOCOAEQEYHSEgCcA_@Mm@M}Oy@EEAID{@BcBAIECOBo@A{AKOFGLM`HKx@QbAi@nBq@dDK@AOKE,172.0,7.221036000000001,508.0,2030,Lunch Run,0.0,Run,2023-07-06 11:46:00,47.0,Run,344.0,171.26
21,4.0,69.8,144.0,4.4918960000000006,93.0,300.0,5.0,451.0,Garmin Forerunner 265,2.89,39.71666666666667,Brooks Ghost 15 Brooks Ghost,695.5,3,gjumFd{rcOTL`@LPDl@FHAFEH@HJBPAFIJGBi@Sc@C}@[GGAMR}@AF@Ar@uDXF\NXNNRLFJEFS?IEK[AICiAc@@S`@kBFi@N_G?q@DOXDX?nAFDB@JC|@KpBRPJDb@?hAHb@@pALv@@J@@BAp@Rr@?ZDVHVRPvCNh@LvAj@t@JLR@JAJIFM@OESO[OSE{@a@IAGD?TK`BU`ALPn@b@bA~@FRARMFK@MGYq@_@[e@i@OIGB]d@y@t@?JDPh@v@ZXd@NNLBRCLCBKFKAa@]s@w@Q[Qe@GEGBgAlAIDEAGEGQtAiAhBgBZa@Nc@F_@V}BAQMBe@@a@G]?UCWK[YIQESAk@Fg@@eADMHIRKrCJh@FN@p@LzAn@|Aj@H?PEJ@LN?REFIDK@aC_As@Ue@Ua@G[i@gAA}AMu@AWE}@CIC]@]G]Ae@\y@EKCG@CV@JCh@@RL\f@t@?FEJC@E@o@}@Oc@Au@@k@Dc@?c@BaABe@?kAGI]@}AICGAOBQA_@Ha@CSCCKAKJANBR?x@Er@ApAEp@GtDKz@I\KXARB`@BFnAd@`@DFF@PIVKBGAWYeAg@E?c@rBc@fBx@Zz@HTEF@HFDH?HCJIHO@SOm@Eg@OYOM@MCIKAKJ[CC?KGG,184.0,8.496126,622.0,2318,Lunch Run,3.0,Run,2023-07-05 12:13:09,41.0,Run,337.0,168.58
22,0.0,69.3,149.2,4.4471560000000006,93.0,292.2,6.0,642.0,Garmin Forerunner 265,3.94,53.45,Brooks Ghost 15 Brooks Ghost,932.3,17,_kumFdzrcODC^qBZcA?M[QSE{@CmAKE@?h@GpAu@xE?h@KLG?KCIIAEBON]r@uEHmBGQ?WDGFAZJp@DDCBIBc@BiCHgA@}@?GJMFQFe@BiDDe@Lm@FWHOHa@FK^uAPqAASDUDEZkCBCJAP?nCPFBV?lBFdAHlCJzALhAD|BVdABpBT~@FXCx@DZCtBm@wAd@g@H_@?yBGaAGWEM@KTEj@Bv@Cl@Id@GFI?OGIOAKIOIa@@_CGQqG_@sBI_@Em@A}@Ku@ATC^?xALdBHDFEh@?hABDJBd@DLGHWF_@Du@@EDAPAnCNrAPvAHX?|AFd@FnBD^InBo@j@EABQ?_@DiBn@UDmA@i@E_AAeAKM@QRCn@@h@EfAGVEDM@MEOMSm@?k@Ba@BcACMEEiDUq@Cs@EoBIu@IoA?IEg@CKCK@CB@j@CXAlAEd@BJEz@BnBMvBAlBERWXCJAdAEjA@^JL`@HVAx@H`@?`AJr@@f@BDJAbAEp@?VF\NXJHVNXBbBBJBFF?^OrAQx@M`@KPm@p@YTKNSL[^aAx@DPDD@@FCb@i@\[^e@xAoALQTe@H_@VaC@]CEaDMSGUUMSKk@?OLmBCMGCS@c@E{AEa@Ey@CcAKIOBmBFeAAKECW?iBIC??HCjBCDOHEDEjDMt@YpAGd@e@fBYxAM`@C@ECAMEC,185.0,9.453562,808.0,3191,Lunch Run,0.0,Run,2023-07-04 11:30:21,66.0,Run,343.0,165.69
23,0.0,71.1,139.5,4.4471560000000006,82.0,300.0,6.0,540.0,Garmin Forerunner 265,3.42,46.18333333333333,Brooks Ghost 15 Brooks Ghost,831.4,17,yjumF`zrcORaAPm@Fe@JY?Km@UkAGa@Ge@CAB@NA^GtAm@bEAl@KNG@I?IICSRa@BO^iCPaADcBGe@DMHGB?XJr@DTDv@@^HVP@?BCPo@XcBFqCFeAAw@FuCEk@HODAL@HHBFANI\?bAnABj@FJCHyF@i@C]HgCD_DBCJ@LDDLQhEApAB~AOlE@PfCN|ADz@HDIBY@aBQISC]OkASMEGMAQFKNEJDNTnBd@ZAJHBDADALIRAd@E^Ar@dERHBFTCPIFKBMIKKOAy@C{@GO?gAK{BKMCuACe@IC@AHAxAE`ADLNB^AzBJj@FlDPXBj@B|AJp@NvAn@pAd@JAJGPDFJ@REHGFSAoAc@qBy@c@Oa@G_@Ac@EeAC}@KGBEpA?z@H\LJNFPBvBLf@H`@NVFl@Xv@JFF?NETKDG@m@]q@W_@QE?SIC?MhBYxARP\TZZd@ZLLHNERILKBIGMQQe@y@o@UWG@ORc@d@}@v@wA~AC@E?KU@IzDwD\g@H[Fm@Jk@FkAGCu@?qAIWOSQISG]DoBB]GI_DKyAMg@?UGGK?Q?m@FcA@_AIC}@AiAGQLAHGpEMtBQbASn@C^Y~@e@~B,162.0,9.310394,748.0,2771,Morning Run,0.0,Run,2023-07-03 10:13:16,34.0,Run,312.0,161.75
24,0.0,71.7,142.0,4.422549,91.0,297.9,5.0,346.0,Garmin Forerunner 265,2.24,30.4,Brooks Ghost 15 Brooks Ghost,543.3,3,gkumFpzrcOD?BAFk@HWD[Rs@P}@e@SyAEk@IU?A@@h@ElAk@bECNKRADDPAHGFI@MKEM@IPc@^oCP_A@QAWZi@?c@JAzBLPSHCNBZNDELu@Lc@Hu@JkDDi@Aq@FeDEa@DMHEL@FDDD@HKd@Ap@Ej@BFpAHj@?DBBF?lAIf@?VCZ?HDFJH\FxADhCPh@@FBDD?LE`CHf@NVNLHB`CNJ?F@@NEh@G`@?d@If@KJM\]`@cA|@i@j@SLWZEL@DHFJ?FMj@o@FEF@`@x@PR\Zd@l@LBFEHSESu@YUSUWYi@EK?MRUn@g@Za@HAnAdAVl@HLPDHI@QEW_@Uc@_@s@i@MOJUFWVsC@CF@r@Vv@Zf@^L?DEDI?UGMu@G}Am@e@MYEqBEUIOMGMI[B_BDe@GUMQw@?}F]MQEU@{@HkACKCBi@AyAIA?@TAr@GvBE`@@dAOjAa@jBc@\m@rCERIJ,163.0,6.406768,431.0,1824,Afternoon Run,0.0,Run,2023-07-02 13:18:52,30.0,Run,310.0,158.33
25,4.0,72.3,147.5,4.588087000000001,90.0,308.4,6.0,488.0,Garmin Forerunner 265,3.13,40.9,Brooks Ghost 15 Brooks Ghost,756.9,5,akumFvzrcOLe@F_@H[Nw@Ts@?IUKm@M_@?w@Ie@?AD@b@ErAq@`ECX?^KNKBGCIIC[P]Lk@h@cDFgBEW@WHKDA\Jh@FF?BELcHDa@NQFOBe@AmBFkAVoARg@^}AR_AL_BN{@LgADEFAvABbBRN?DLMxG@rAOlF@FpDNfBLHABK@aADw@OEQCuBg@KGGUBOHIN?HFFPHFVBpA^TCLFDTIXItB@FLBp@@nAHr@AHDDVERKFE?ICMOIEW?iAEq@Gq@CaAKo@AyAKc@Ai@ECF?zAEdABJDBlABDBPXHBZ@PDb@?tBJBJG~B@RP\RFTDb@Af@FVA|@PdBp@d@DJDFJDPIPCBK@GAa@[eAa@_@QIAEFGd@M`BOn@@FDFlAx@j@h@FRANGJKFE?MGKMUk@e@a@_@c@ICaAhA[XCJ@JhAnAv@XBZGPOFICQOy@aAU_@Q_@KKmAvAMHIAGI@SlBgBjAkAd@q@JWBUXsCY@yBKOEOMOOM]Ao@HmBCK_BG[EW@m@Ie@?q@GO@GAQSJwD?Iu@Ga@?s@GKDIH?FGrA?^GlB?bAGh@WnAILEZSp@Kr@Ob@Kz@Mf@E@GCAGDIGA,184.0,8.63482,591.0,2454,Morning Run,3.0,Run,2023-06-30 10:19:18,49.0,Run,338.0,156.09
26,0.0,71.5,143.4,4.297277,91.0,297.2,6.0,545.0,Garmin Forerunner 265,3.48,48.85,Brooks Ghost 15 Brooks Ghost,866.9,5,_kumFjzrcOVeATmANk@@Ko@UuAEu@IE@CDB\ErAWjB[pB?d@ONG@IEGQ@SLUJg@j@{DBuAEe@?MFILA\Lj@DB?BGDqDHeCBMPQFOB_@?}BHu@AMJu@^mAl@_CPiATiCDOFQHEdAD`CRFD@NOjF@jCO`FNBzFVRBD?BSPYDSDu@HU@OMMKAIBMA}Aa@KGKWICSDCVFN^LrBb@HFBHKzB?BDDTAb@@dBLl@@NDFH@HCLEFMFGAYUkAG]EK@SCkAE_@Es@Cu@GS?]EkAEEHAbBGt@BJLDd@@NBh@@vCPbBFnCLp@Hj@LpAf@ZNTFp@VVGF@LP@RKLM?e@Qa@KcCcAw@SyEUG`CBXDLFHPJjBJNPTL@FQvAI~@I`@[f@o@t@aAx@}@~@SNCFRNHEjAoAHBZl@xAdBHBLEFM@MCIEEc@MQIc@k@]m@CK@C\a@^[Ze@FApAfA^v@HDJ?FIBOCQeCoBP}@@URoBHCVFrAh@^XJDF?DCFKE]CCKCe@Cc@S}Ai@}BO]L[BGAS_@Ic@DwCwBIiAK{AEe@OCMJcC?q@ACy@Aw@KQ?CDCnACb@GfDG`AKj@[lAGFQHKLQhAe@lBKFICKICBDDC??@?A,172.0,6.545462000000001,508.0,2917,Lunch Run,0.0,Run,2023-06-29 11:57:20,45.0,Run,311.0,3.48
27,0.0,74.0,146.1,4.306225,91.0,298.4,7.0,968.0,Garmin Forerunner 265,6.24,88.65,Brooks Ghost 15 Brooks Ghost,1557.4,7,mdumFvwrcOWLDGEIC??EGH?EABCA?KE?AGs@eB@Y`@cCNsFBgBBOFCTBbA@`@FFIBsCBu@DOCeAHiEA]JuAAKMEa@?qCIECIg@wAEuCQoAAuAOy@CMEYBi@?k@GoCKGCGGIaACo@OmBIgCGc@@YCi@Bk@GyB@mARwBJo@Vy@Na@l@gAVo@t@sBPuABkAGsAIg@c@yAi@mA]gAOaAW_AWiA_@sDUkCC}@@qBP}ATkApBqH^kBT_A~@aDd@oAp@aCN}ABw@GoAOaAAU{@}Cu@}BEUSm@CUg@yACQ[kAKo@Ko@Ck@BEd@MvA_AHC^Cb@B^HTBNHXHt@HFDCVD]@{ALqD@_A@GHC\FfBFs@@w@EIBI|B?~@KnABVAFCFO@s@IoBi@YEY?_@H[LEFa@XIHWLSFCDBf@LjAd@zBrCxJRf@JDnADRDbF@|AF`@Dh@@t@FhBDj@FzCLLD?\?BHBl@@l@FV?h@DvAPnAJH@JJ?VO`BAj@UnDChA@JPH@PMzAGlAEZSzDIn@YfFAj@UrCCn@Ed@Af@OrBGzAD`BD\^zAx@lCh@|BJRt@rCr@lC|@zCTl@PRtBdEL\Xj@Vp@Xf@b@jAl@bCJj@n@vCr@bCP|@JXf@pBEHIBONMF_@JqBv@k@Je@ASEc@Eo@C_@EG?WEeAI}@COEA?K\E?wAOeBGEBAFGzBGFI@aAEMEK_A@u@DUIK_CEe@Gi@AUEI?IDA@CrBInC@jCGnACzBCRGpBCrADB^?t@FpCLHDLZ^@FJIbCHf@NXTRLD|@B`@Fj@@FF]zCIZMXQX}@z@MRmB`BCD@JJDFAV]n@m@PWXQx@w@TYXm@H]PaBFw@HAhA^d@P`@ZH@FAHM?SEGaAK_Ae@i@Qk@I[Co@?i@COEQSGUIe@@IQy@@m@CG}G[WIGGAK?u@HoB?QGGs@ByAKGBGP@nAEVC`BCT@d@GjAa@xAKp@KT{@`EE@CAEG@IKG,166.0,6.688630000000001,461.0,5219,Lunch Run,0.0,Run,2023-06-28 11:20:29,94.0,Run,306.0,9.72
28,0.0,72.9,143.1,4.688752,84.0,310.9,6.0,598.0,Garmin Forerunner 265,3.89,50.016666666666666,Brooks Ghost 15 Brooks Ghost,929.8,16,weumFb~rcOOAOMy@Ku@YU@OMCI@GRa@n@wCRm@k@[g@ES]AK@c@AKFWDmCJwBBcAAwAHyAPoAd@}A\sAFs@He@ZsCDQZAz@Db@Fz@BRTTQJAjCPbCJvBLl@@~BRVF~@BDBDPCbA@`AKt@CDKBKCIIMk@O_@@uBCMGGyBSmAEICE@KrB@VGDu@SYYIUCcAEYg@@aBIcBOK@KH?|AIpD@`BC`CE~@@LKlAGbDHDd@BRDf@?dCLTPb@JFHBVMvA@d@Nr@FJJFb@Hj@@hAJl@S^JdAd@n@HLHDJ?HEJKHIA_@We@Sk@S[OGAKb@UtBKb@K\U\s@t@eA`ALSDCPTXj@NJJRx@|@NEHMC[AAe@MMIi@i@e@w@b@k@n@m@d@y@Je@JcBFi@DEH@d@TbA\h@ZF?HI@SCKKGs@K{Ak@_@KyAKg@T@DRBV@x@APDWfCOx@Yd@QTyBnBy@z@LNJA^c@\YJQFCFBTh@TZj@l@X`@DDF?LGDSIUk@UUOe@m@S]?KrAsALUTm@Jg@RgCBEPB\LnAh@RRHBLCDGBUCMGCc@?{Ak@_AW}@EK@CJFLVD\AF@BBEp@W|B]t@kAlAqAhADIZ[DGd@c@^a@d@a@VYJYJgALi@DcAc@CY?g@Ea@ASEWQIOMk@A]BYAi@Fm@CEGCY?i@GgAEyBIWCOEGICU@{AFkAAIiBEWCE@EDEdEIjBI~@e@jBs@jDGHQHUPI@IG,177.0,9.52962,666.0,2991,Morning Run,0.0,Run,2023-06-27 10:33:41,43.0,Run,336.0,13.610000000000001
29,0.0,73.7,146.1,4.525451,88.0,312.1,6.0,666.0,Garmin Forerunner 265,4.29,56.9,Brooks Ghost 15 Brooks Ghost,1065.6,5,ojumFdyrcOjAaF\eBHgBAM@W@}BJoDE[DQHIJALHDLALKXEz@BHxADlJd@HM@w@Bq@AKMIWGSO_@E}@YOS@IDKL?TTLF`Bb@Z?NFDJMf@I|A?LBFnCPh@@NHDNCRGFIBGCMOKEoAGoAI}@Cy@Iw@AoCQCH?|@E|ABLrBF`ADp@FfH\|@PxAn@dBj@RGJ@FBDL?HCJIJIBgDqA[Ic@S[I{EYCHEvBFd@NTJDLBfBHd@?^JRJzAh@d@FLN@LGLKFK?YU[OcA]SKG?C@?JEl@QzAOl@HJLFdBvAHL@PEJIFK@IEWq@GK_@]UOUUEAC?IPo@n@a@ZAJTh@JNh@j@h@RJHBNCPEFQBWSi@u@SQOWO_@GII@sApAIACECK?EjA_At@y@r@m@Ze@Xy@Bc@Hg@HkAcCISGSMWi@Km@BiAFg@AK}EUoAI?CH?l@DdETh@@FHIbCD`@P`@PN\J|BFHD?JOjAG|@GXITMRkApAsAhAg@l@EHPLNKbAgADAv@jAbAhALDLEDWCKWOUGSOq@y@MYAKhAiARYHCrAdAZx@HFNEHS?MCIg@Y}@y@YSGIPk@D[NqBFIHB`Bl@n@^JAFSAOCGECi@Ew@[a@MIAYM]EkBIWCMESUI_@Aa@FgBJExAJlADf@FTDr@RtAj@B?HM?KqBs@i@OWEkCQeCKuCOe@V}@EU?GEEGAo@?_AHgBAMMC]?i@CcAAGBAHEnDGvAAz@Cd@YxAQh@ANYbASfAUz@,165.0,6.290444,504.0,3414,Lunch Run,0.0,Run,2023-06-26 11:21:19,63.0,Run,320.0,17.9
30,0.0,73.9,149.2,4.523213999999999,91.0,315.7,5.0,492.0,Garmin Forerunner 265,3.09,41.016666666666666,Brooks Ghost 15 Brooks Ghost,775.3,5,yiumFjwrcONcAJ[CMe@QKC]A[?gAKI@A@@LAlACb@q@~DAP?b@OPQGGKP_@Hw@j@sDFsACA?SEQBSFIJA\NfBLT?PBd@T`@aBHk@N[HI@IRoHDIDAzAHZDDCJ}E?yBBaCHaC@GHDREEhBCXEbB?hDIdDAp@@B^?fAFb@?lCRFAD_@@u@Da@COy@U}AYIGGI?OHOFEDAJDLTHD~@Rb@NJ?JANBBF@NKZAn@EXBHAXBJLBbAB~@Hf@?F@JH@PAJEFMFMGMQICG@uAEc@GmAEi@GwBI_BMI?CBGlDJDf@?xDRZPVHF?DB@HKtB?XH`@HR\XRDdBJV?F@BDWhCGd@]l@{@z@Kl@?Fh@z@^b@p@XHHBLETIFG@GAUQeAoA[s@AKDMf@a@^e@VSFMFCpAdA^x@LFJ?FCDYIOs@g@W[q@k@@OF[RyBFa@FANHrAf@j@^J@HCDM?QKIo@IkBu@w@KoBIKAMIKKGMIc@?_@Fg@@e@?S{@E]Em@@sCOg@EICGOA{@DcCCEq@AKQMMs@AEIASDm@HU@OISMCE@GFCNFb@GrBClBIlB@~@Ef@SbAw@~Cc@zBKFK?CA,166.0,5.869888,461.0,2456,Morning Run,0.0,Run,2023-06-24 10:55:04,54.0,Run,321.0,20.990000000000002
31,4.0,74.2,153.7,5.053383,82.0,342.2,6.0,490.0,Garmin Forerunner 265,3.11,37.36666666666667,Brooks Ghost 15 Brooks Ghost,758.9,5,}eumFj|rcOWHy@K}@]MGCE@UJ_@`@sBNc@@IAEi@UaBIo@GEBAF@`@KnBk@tD@d@IJKFG?KGEO@MLQFSl@cEHcBASES?MLMFCZLh@FD?@EHcCBqBLOHMDqAF_@@iCBu@X{Ad@{A\sAJw@Bg@HYPqBFGLCTB~@FhABJFBPGnCIjBB~BM~EAbACvAGz@BNFFLDjDRxBHDDBPIhB?XH\PXRLd@LdAFj@?FLAXQ~AKj@GNS^iAjAi@d@k@^FLLJBAJGV[F?JLP\xAfBDFTCDUEYs@SOMUWg@w@CI@IlAcANWJGnAdAVl@JLLDFCHMBKKWe@WOQcAs@IK?EPi@TkCHKJ@zAn@n@`@H?FCHUEKOKk@GoBs@i@Kk@?iAIQCKESWEY?OFwBBEFCn@B~CTx@PjEdBPCDQ@QMKEAYHOC{CiAaAYeBM{DOsBO_@?y@KWT]CCXA~@BXFPZb@P\?FMLw@gAGME[B{ABUJ_FACKA}BKACD_AF[@OGMSCC?IRD^?r@G~BGhDCdAGh@c@rBEXUp@SnAU`AEFM@KE,176.0,7.757916000000001,567.0,2218,Morning Run,0.0,Run,2023-06-23 10:52:34,59.0,Run,360.0,24.1
32,0.0,72.7,137.5,4.422549,82.0,308.2,6.0,614.0,Garmin Forerunner 265,3.96,53.68333333333333,Brooks Ghost 15 Brooks Ghost,992.8,5,{humF|{rcO@BNDVB`@BREH@HFBF@HCLILK@KEGGiAQi@UW?MGAECSFOHGDMP}@Ne@PcAHUAEWQ_@GcCKCF?t@G~@s@pE?b@ELIFSCES@IN[Jo@h@mDDwA?MGUBSHMJAPLv@FFiABaCFmB@OTYDc@?eCDw@TqALWv@aDJ_AFWFk@Lo@D}@DIHAxALlADXDF@FHCd@E`DGL@NAfABtACXEfDCV@FzBJx@Fr@Br@DFAFcCMGg@OQCeAWMGEMAQBGLEHDLPNFdB`@VALHBNITANGz@Av@NBr@@ZDzADNFHPGVEDG@KCMSC?qAIi@I_A?_CQc@A_COEBCzAIlB@BRFXAfADlDTLETSLAZDpAB|AJp@N~An@n@Rh@VRGL@HJ@RGNKDE?iEiB}@SmCKw@GM?AdAEj@?ZDPFPLLTFv@@tAJhA\x@\h@DHBHLBRAHIHO@c@a@u@Ww@[E?CDQ`CQr@?HJNjBvALVCRKJO@a@{@e@_@g@k@IAC@OVcAfAGJP^f@n@VR^NPJ@PERSJQIs@_AQQa@{@GGOHeAhAIBGKCQd@g@j@e@x@}@VS\]R]J[XsBDw@y@AoAIUIWUO]E]?q@HuACGiFSaAICJAx@@^FRv@lA\hAHn@Bz@HZ?FOPK?ICEK?OD[Ao@Ea@GYMa@_A_BMg@@qAHqADsCICgAAs@EEB?BMhHMdA[lAGZJJfA`@VBHL@PELKDG?ECMQKGy@[]SE?IRO|@]bBELIBEE,160.0,5.986212000000001,488.0,3221,Lunch Run,0.0,Run,2023-06-22 11:13:04,37.0,Run,321.0,28.06
33,0.0,62.6,134.3,3.798426,90.0,236.5,4.0,246.0,Garmin Forerunner 265,1.65,26.183333333333334,Brooks Ghost 15 Brooks Ghost,369.8,4,qjumF`zrcOFO@]TqATq@?Ke@Uq@AuAOOBMpCo@zDB`@IPMHGAGICO?MNWNy@TsBLy@?i@Bk@Gg@FOHEL@HFNDt@@XDX@f@J^PBAd@_CDe@DeCH}ACw@HsBEg@@SPKJBHL@TIZEd@?TBFnBFL@HFXCx@BjFZDE?ODqBGEqCo@IQ?QHOFED@RZHFz@Lh@RV?HBFH@LGREh@EX?x@CFSPOBs@GQ?{@EW?oAGk@IKHBJE~@@LI`A@DTF`@B`@Fx@@r@F?@eAGSCmBIMOCQ@}ABk@AIm@?g@G[AGBSEMJCDAR@PGhAB^ET@FItA?v@m@jCYbAGd@]dBEJID,163.0,5.874362,408.0,1564,Afternoon Run,0.0,Run,2023-06-21 13:38:00,18.0,Run,266.0,29.71
34,0.0,72.7,148.2,4.572428,90.0,311.6,6.0,570.0,Garmin Forerunner 265,3.59,47.516666666666666,Brooks Ghost 15 Brooks Ghost,880.8,5,}jumFlzrcOD?HHFPRF\P\BPFR@RGL@DDBJ@NAHKHK@WQSCIIe@K[@QICICSD[Rs@N}@Ni@Dc@DEJ?z@\LFPVJ@LGBSGWW?kAa@GECM\qANgAL}E?iA@WDC^DtABL@BDG|BA`AAZAzADVDL`AbBRp@Hv@@^If@HVLBBCLQ?QGUM{AUgAM[q@aAKUAS@y@@QDGjCNpALdABDD@VG~A?\H\PXPLXFzBHHBSfCMl@Wj@q@t@m@h@CHFXf@|@lAvAJFF?JK@SCOGEe@OYUu@eACIBKhAgAR[JDfA`A\v@HHF@HCJ]CMIIyBiBAGV}AL{AJGrAl@PBf@^HBF?HIBI?IEMIEk@Kq@YiA_@_@Ec@?kAGUEOIQWGa@H_CP?TBjCJz@HpBr@|B`A@?NEDM@UIM]HKA{B{@a@Q[Kk@MoG]]?s@I{AG_BOEI?_@B_@B}AFI|ALrAB~ANtDPVBRPHDNEDSESEIuBEkAIEK?m@D]?a@Jc@ISECQB]GsA[GGMUGCI?EDEL?PFJx@Nx@Vh@J@LGl@?dACJoF[m@AECCG@y@JoC?oACm@RoGIMUCECiDQG?EBQ|AGVCf@QpAMp@]tAc@hA?VKZ?^E\A`DCT?d@IdACpBCNIPCXHXAn@BJNNh@F`@LFFMd@Oz@c@nBEBIC?KGE?@CACD,165.0,6.5007220000000006,484.0,2827,Morning Run,0.0,Run,2023-06-20 10:55:02,64.0,Run,326.0,33.3
35,0.0,73.9,149.9,4.755862,81.0,323.3,6.0,504.0,Garmin Forerunner 265,3.2,40.88333333333333,Brooks Ghost 15 Brooks Ghost,782.8,5,{jumF`{rcOCBG@EL?LLJX?bA\h@BPNJ@HK@UGMKAODe@Es@QYMCIZ_Bb@sBDCF?|@b@LHHNDBF@HCFK?OGSGCOBGAaAa@IK?GHW\iBBe@JkDBc@@wABKB@xAF`@?LFCVE`CCV?HDFJFXDt@Dz@Bp@HrBH@B?NGlB@TDZN\NLVJ`CFF@DD?FYpCGXQ^uAzAQL_@b@gA`ACFHHH@HCbAiABCF?B@`@t@dAfAJNFFD@F?FAF[EOIEi@QSQu@iACMLQ~@}@LUHCtAhAZv@HDF?DEFM?QAGGGkAy@m@k@AGLk@L_AHsADEB?lBp@`@\JBF?BEFM@OUQe@EyBu@gDUUMS[CSJiCHCbCLj@Dp@Jp@PtAj@nBr@D?JGBMAIAKOGQFS?{Aq@c@KcA_@c@I_BIYEsCKu@GoBKEIKFk@E_@AECCI?a@DyBBOzEVt@Hp@@zBNX?F@NPFBH@HGFM@MEIGEu@?gCKEEEUB]Da@@a@BIDI@M?IGKICOBUAyA_@a@c@E?IDIJBTDFJFzA\d@FNFBTEj@?|@AJEBkAEcAIaAEc@EaACe@GcBGIE?WBg@F[?OGOEEKBIHCNDZ?z@IzBEzCE`A@RNLBJG^KXQ|@CPFJ~@\b@FJTCHCDKAQKI?OCcAa@EDE^u@jDEDG?IGKO,175.0,7.467106,506.0,2421,Lunch Run,0.0,Run,2023-06-19 11:05:57,59.0,Run,334.0,36.5
36,4.0,74.1,158.6,5.0690420000000005,88.0,338.1,6.0,577.0,Garmin Forerunner 265,3.65,43.21666666666667,Brooks Ghost 15 Brooks Ghost,875.6,19,ajumFlsrcOUEk@?mAMK@CnAEv@g@tCQXC`@B`@IJG@EAGGA[LQJ]l@gEDwAEk@DSLGRLNB\?zAJLDd@RD?d@}BD_@DgBFuAAUHaB@mBCc@FSNALHBRM^CbADBn@?nAFFLGfBIxA?LDHXPTD|@@jCRbABFF?HIdB?ZJh@LVNJPDb@DdBDD?DDO~@MvAI^MZSXSNq@t@EF_@Xu@r@GL?JR@NMb@m@LEDBZj@\b@~@dALDFCBO?]MKQG[OW[SOGKQ]@OhAgAPYFANHJLPJ`@b@^x@LHD?FEBC@_@Q[g@We@e@c@YAGRcARwBBIF?fBr@b@ZJCDGFO?KCGi@ASGk@YQE]MG@ILMvAOhAI^?LNPTL`BnA@XKPIDQIa@s@cAcAIEMFGLSVw@v@AN`@n@`@`@LHn@RDL?XWLICIGcAiAk@eAI@QL{@dAMAIKAIj@e@xAwAd@i@TQNUHEP?HIHSF}@VcB?ICIK@E@GHEx@OtAI`@GROTmDjDCF@FBBJ?nAqAhAcAZc@FAVNx@t@HLNb@LJH@HCJY_@c@_Aw@k@_@EGRm@XsCBCBA|@^FCc@g@]O[GW@w@Iy@EYKUYE[AOFs@Ak@@O@EFA|AHt@Hz@Fz@PtAd@RJJQ?ESKSEQMQCm@WaASeGWgBOu@AeBMC?QNG?CCAk@JsCEEs@@s@IY?CN?lAQdFUvASt@AN`@Nl@XX?HL@PEJIHM?YY_Ac@IAo@xCEVOF[?MEAC@E,185.0,9.66384,636.0,2590,Morning Run,1.0,Run,2023-06-17 10:57:39,84.0,Run,365.0,40.15
37,0.0,73.1,143.4,4.599272,79.0,314.0,6.0,553.0,Garmin Forerunner 265,3.56,46.5,Brooks Ghost 15 Brooks Ghost,874.5,5,ujumF~yrcOFC?GCDBY`@sBH[@GCGa@S[GsBIGD?fAABI@IEGKBk@Ge@?KFOLGTPnAFn@@TDj@XDC^qBDe@J{C?sANqD?OGK?K@MDELAF@HF@FOjB?FBBRAr@@|AH~CL`CPDGBOAy@Dm@AIKEu@MQIeASKKCQHUNAHFLPFDlBb@\?DJ@JK\GfBBHLFtALzA@JFDH?PKTK@ECQSgBK}AE}@KaBGUEeBMIF?^IpB@TLFT?xCR~DNj@FvADl@FLBr@T~@b@rAf@N@TGJFBF@NCLIHG?iC_Ag@Wo@UYGGEKM}@EI@OHQ@}@I_@GG@CHGbCFVLRVLJ@bCFtAd@r@Xp@JHL@RGLEDG?i@_@{@]o@WI?ABShCGZGP?JDHp@b@fA~@DF?JEVGDK?ECQWQc@]Wa@e@MIE?UZkAlANZ^h@b@`@b@RLHDLEPIJG@G?o@k@u@_AYq@G?MJcAhAC?MK@Qh@k@ZUp@u@~@y@Zg@Lc@\qC?KUE_@?_@Gs@@SISUQ]I_@D}AB_@AWO@}AEqCMe@GE@CBC\Af@@TL\d@r@Td@Tt@Fb@DdAHX?PCFMDG@ECEGCSDY?_@Gq@Mm@a@{@g@s@Ki@?cAD{@Aq@J}A?e@EC_@@cBKCFCxBOnECVSz@O|@hAh@X?HDDH?RELMDGCQU]Kk@[K?_@tBSl@Mt@BFD?f@Pb@F^BTCJBHNATIHIBYQ_AMk@Ua@AIGCIHk@,165.0,6.236756,477.0,2785,Lunch Run,0.0,Run,2023-06-16 11:35:23,49.0,Run,327.0,43.71
38,0.0,70.7,142.5,4.366624,90.0,285.2,5.0,417.0,Garmin Forerunner 265,2.74,37.583333333333336,Brooks Ghost 15 Brooks Ghost,643.1,5,gkumFpzrcO@@DC\gBNi@Nu@OSSK}@CQCY?i@EEFAvACb@QbAKf@Iv@UNE?CC@Wh@mDD}AGc@DQRERJNBvBJv@Xd@kBHw@BuBP}GGo@BMJEPDFD@F?LI`@C~@~BJHH?z@K~A@j@CnAC^@XH`@t@jAJIDMGMe@u@GOCQ@mADIz@HVAp@B^B\?`@F~@DBF@LGvBHh@JVJLZLjBHTANFWxCSp@[d@uArA[R?DBFLDJGD?h@`AhApALDLCDO@OCKw@Wq@{@Ua@AQNKn@m@Zc@JClAdAd@`AH@JIBK?WCKUMw@k@k@i@ICC@M`@MNs@r@_@Ze@j@cAbAEBKCCC?QHQvCmCl@s@Re@FUXoCFKZQVBvAh@j@HHFBHAPCHEDK?kAq@mAa@eAMu@A[CWG]SIIIKI_@?QJyB?ICGuDMoBOGLAnAH`@n@|@GPIBo@{@OYCMBmADc@AuAJsBAG?C{ACk@EAFQjIYxAUp@DHhAd@HBHAJBFL?RADIFK@KGMSWGk@W_@MMf@WvAELMj@CBM@GA,162.0,6.688630000000001,442.0,2255,Lunch Run,0.0,Run,2023-06-15 11:17:08,41.0,Run,302.0,46.45
39,0.0,71.2,139.4,4.413601000000001,88.0,294.6,5.0,440.0,Garmin Forerunner 265,2.86,39.31666666666667,Brooks Ghost 15 Brooks Ghost,688.2,5,{jumF`zrcODIF[Ni@L}@Lg@?IYO]G_CMA@AF?p@GfAe@~CCFC@EAIc@@YZwAHm@BsAEq@FMJAPHLBrADn@FZJXN`@oBHu@J{CFsEDs@Ei@BGFGH?JFFNAPIXCdAH@n@?fABDF@N?VGfBT^?~@PFPAdABfCRt@?DJ?FI~BNn@\\NHhCPf@QNA`Bl@j@HJFBF?TCHIFI?e@]aA[m@]C?GDQ|BSdAxAhARVTHFPEZKDQCIIIUOWm@o@a@YG@_@h@y@x@ADZj@`@f@ZT\HHHBJ?JIPODUKeAqAa@y@ECw@r@c@f@t@s@\c@DANLd@v@jApAHBHGHSCSu@YOKSWe@u@CMBIhAcAP[FAb@Zj@j@Xn@FHFBJ@JUAOEIOQ]SW[s@g@GIPi@TqCBID?nAd@b@R`@VHBFADKBQGMIGo@I{Bu@uCQWGQUGOCWDmAFi@EKmBEqDWYEKBChAD^@Jr@dAPZCJG@[Ss@mAIe@NoICGEAy@C}@@GCAI@c@L_AAIEKGCE?KDELALH^IrBE~CK`DMv@W|@If@Of@u@pDE?EC@ISKCBDC,158.0,6.312814,460.0,2336,Morning Run,0.0,Run,2023-06-14 10:24:37,35.0,Run,307.0,49.31
40,0.0,50.3,125.9,3.031135,93.0,145.0,2.0,93.0,Garmin Forerunner 265,0.58,12.083333333333334,Brooks Ghost 15 Brooks Ghost,99.2,1,}ptmF`srcO@AQF]EKBMC[?_@GQ?KEMMQWCWJ_CEGy@GM@sAIwBKs@IOMCI?k@FiA@cAOCwBGA@ClBIrCEbAGV?LcApEKt@W`AEZEFYKEECOIGEC@DB?E@@AABB@,137.0,5.422488,215.0,684,Lunch Run,0.0,Run,2023-06-10 11:48:02,2.0,Run,145.0,49.89
41,2.0,77.4,169.4,5.6484250000000005,91.0,372.1,6.0,498.0,Garmin Forerunner 265,3.12,33.18333333333333,Brooks Ghost 15 Brooks Ghost,740.8,5,}jumFpzrcOHS`@uBDKRW`@_AZmALeADe@?YLwFCUMQEMB}@Ci@DMDGP@HH?ZGJCNEr@BL~AF^?JFSfINr@n@bADBJG@ICOk@y@GMCOBiAFUxDTz@Hj@?B@BHKdCHd@HRJPPJVF~BLFA`@OH?vAj@x@NJJ@NGLGDKAm@_@eBq@GPUjCOd@[h@aAhAw@n@mApAC@MAAEAOFKz@s@hAoAl@e@^i@N_@DWPwADm@JQPKNAhBp@h@FJL@JKRCBM?a@Yi@UIAw@]CAIDUbCOn@Qf@a@f@oChC]b@CBKAIOFMXYXSNS`@WVUdAmAXg@J[TsBBg@JOTKf@NnAh@b@DJFBF?HAJKHQAe@[o@Sw@_@C@CFYtCI\Uf@_@f@mCfCY^GDIAGECK?CBGxDoDXa@Rm@X{CHQTIL@hBp@j@HLLCXEFO?mCoAIAGB?\[hCUr@SX_DzC_@d@I@IKCMv@{@fC_C`@m@Ja@L_AJsAHS^Mp@Tx@\b@FJFHJCVEFO?e@YsBw@EHSpCG\]n@gAlAc@ZgAjAK@KO@KBI^WpAiAz@}@Zk@FUNoAF_ADQFEJ@PHFL,183.0,7.623696,507.0,1991,Lunch Run,1.0,Run,2023-06-10 11:11:47,95.0,Run,372.0,53.01
42,0.0,74.3,150.7,4.695463000000001,88.0,318.0,5.0,456.0,Garmin Forerunner 265,2.95,37.65,Brooks Ghost 15 Brooks Ghost,718.4,3,sjumF`zrcOLs@J[XyALeAZkAHo@DeADa@?i@FaA@qAHaCCk@DSHID?FBJPAPGPGdABFBAbBDl@?TDbERpALJA?s@FcAAKMIy@UMCWAq@QGIAOBKHKPCFBNVLHL@hA^F@RENJ@RIJCL?d@Gx@?RFDDBt@@ZDd@Cz@FRH@L?JGLIFQGQO{BMq@IgAAu@ImCOa@GEBE`@?hAI|@DFnALvABzAJvAFn@Hf@?hBHZHj@PzAn@`AZFB^GHF@D@NANGHG@mFoBo@KoAEYEc@?q@GE@CPErBF\TVDBNBlAFf@?r@Jz@Zn@Zn@HHL@NMPKBs@a@EAw@Wc@WG@YrCOl@DFNFlB~ADJATEJKDQGKOQe@w@u@YScBfBDNXd@h@j@JHd@NFDDXIPGBK?QIQYy@_A]y@E@MJeAjAG@GCEECKDMJO`BsA`BiBTq@@WZaCIGW@q@Iw@@WIUUSa@Ek@JwBACEGy@?WEe@?sAGe@Gq@AOEIGCG?SDmAB_CACOAeBEI@GEAA@GBw@Le@CQKGEAKBIVFT@XGxAMrHEh@Oz@Wx@Id@Sp@k@zCCDE@GG,163.0,6.4873,467.0,2259,Lunch Run,0.0,Run,2023-06-09 11:11:27,55.0,Run,323.0,55.96
43,0.0,72.6,144.6,4.393468,86.0,300.7,6.0,748.0,Garmin Forerunner 265,4.83,66.56666666666666,Brooks Ghost 15 Brooks Ghost,1189.8,6,{jumF|zrcOHLd@RZHd@?FJFDL?NGJ?FLEXIHGBKEMMu@Ik@QUMS?EGAYDOHKPq@\eBJYHe@XiALs@Fa@NyDCq@JeC@}@Eg@FMFGJ?HFDJ?JKTAbA@FzADp@FPADE@MFmEAwBB{@LcD@k@FIpAHBAF[LA`AFp@@PBNJXDdDLrBNx@@h@F|@DZD~BPd@FZEv@Ub@Oj@On@ULUHGJDXXZJhAh@bAp@fAj@XJ^HZA|AKv@Cr@Bp@?VDVCx@@z@Jd@Bv@HNIBCDi@JaCFi@@e@Hq@j@kGL_@b@qCJ]ZgBL}@Pm@F{@@eAAiADs@Jy@R}@NYd@sAZgAXu@@MEIcBm@UMa@Me@?q@I_CIcAKq@AECaCIw@GS?qDUq@?w@HCD?HBn@K\Cj@L~BBvAD|@?d@Ez@Gx@SzDQxEOh@Ub@aAvBWf@g@fAWVwAp@@Jn@bCPd@@LAFc@ZsBv@kAV_@Bu@K{CWI@EXGBy@GI?}@MgCOuIa@_AKKDATApAK~C@bCIlB?~@IhAKdD@l@BBb@DvADr@FxBJEpCD\Rb@HH\L|@FlAB@BWhCS|@W`@eAhAaBvAEN?BLDF?v@}@HCb@v@vA`BB@J?FCDO?SMKe@O[Yc@m@OY?KbAcAVa@FALFdA~@^z@FDF?JGBYCO]Yc@a@y@k@GIVyANeBDED?nAf@PDj@^JBD?HKBOAECIGCo@GeBq@i@MuCO[YIYAo@KACC?m@Fe@AICCsBGo@GkACu@GQGKO?SJgC?]CE}AEq@GC@QPKfHEf@WrAWdAUn@_@vBK^EHE?CC?OKEE@BG,170.0,6.8094280000000005,476.0,3957,Lunch Run,0.0,Run,2023-06-08 11:12:39,69.0,Run,314.0,60.79
44,0.0,74.1,145.0,4.440445,90.0,308.4,5.0,480.0,Garmin Forerunner 265,3.07,42.0,Brooks Ghost 15 Brooks Ghost,767.5,4,ckumFh|rcOGEEIAI@KT]^aBHu@N[?OMKg@O]E]?eAGG@AD@^GzA_@lCIZIFG?CCAMj@qDBsAEm@@OFIHCJBLFp@H@?FQNoHBMJIHQDk@C_@DYBsAJwAlAmELyAXcBH}@DGFAhDPDBT\HGFQHAfBNpADl@DtAD`@Dt@@rD\r@Bh@HtAH~CFp@IfAa@j@Or@GGe@?ODENAHB`@\RJPDx@b@v@h@p@ZZTZJj@Hn@A|@KzAE^@r@F~@?x@DVFb@?r@FHCLKR}CSbC?VEHMJOCcAAk@ImAGa@?QCy@Cg@Da@CS@qAPo@Cw@QWKu@e@_@Oq@i@{Aw@WWKDKR@ZAJ_@FgAXo@Ve@F]Bg@Ga@?OCc@@u@EcAKmAEUEc@CeAK}@C}AOgEMg@I[?k@EEFCtAE~@ClA?`DGdBCzAKfBGlCCZAnABZFL|@vATr@@NGHGDGCU{@{@wAGOESAUBuAJmEEEW?o@EO?m@GG@KLEJKvGGj@g@hCc@~Ac@tB,161.0,6.5409880000000005,491.0,2489,Lunch Run,0.0,Run,2023-06-06 11:00:40,40.0,Run,311.0,63.86
45,3.0,74.1,153.3,4.968377,88.0,333.7,6.0,553.0,Garmin Forerunner 265,3.48,43.15,Brooks Ghost 15 Brooks Ghost,840.9,7,_kumFlzrcOLs@Lm@HORyAKIa@MkCOABG|BU|AEDG?IGAEP_AH_A@kAGg@JSHAXLVDbBDLBzCpAZ@JJBROPEBGA{@k@g@OEIL_@Lw@JWP}ALsECIOYC_@BgAFy@C]BUHILDJVMp@Cd@?HBFLBb@AhADDDBH@\SzG@R@JHTv@nAZx@Jp@BX?^G`@NZB@PO@MIq@?k@QiASg@{@oAMa@FwAHKf@FxFZB`@GrBPh@JNTP`@JX?j@Db@?H@DFEf@UjBI`@S`@UZqDlDAHHNDAZ]NSh@i@n@`AdAlAPLN@J_@EMs@Wo@s@G@WAWa@c@^u@x@KDGE@UJMt@o@z@y@f@k@FELALEPSF@vAlAXn@HLFBJEFMAYWYSMiAaAEGEI?KHWJm@JkBFG\Pp@Pd@RXVLDHAFGBS?EAKKGo@EcBo@I@[JGHALUzBMj@MXW\eBbBW^u@l@CHFLB@RI~@iAHEDDTb@V^VVl@t@JDRE@WAQEEYG[Ow@cAKQAMfAgAVa@f@\h@d@\v@FFHB@I@g@EMgB{AEINo@TeCBGFAJHr@Rh@Tf@^N?DI@MAQEGECg@G{Bw@g@GmBKQCKGSUIk@F}AA[gBKk@?YIQ@_@CM@m@Eo@GIICUHgDAICCgAAw@GEBAPArAKhEOnA]|ABHfA`@R?LDDL@FEH@CC@BDAGE@DEBLOHKAOQIEq@Wc@SM?y@xD,178.0,8.81378,639.0,2520,Lunch Run,1.0,Run,2023-06-05 11:26:41,66.0,Run,359.0,67.34
46,0.0,71.0,140.9,4.346491,86.0,293.6,5.0,432.0,Garmin Forerunner 265,2.82,39.0,Brooks Ghost 15 Brooks Ghost,685.2,5,ikumFpzrcOFDBGHg@L_@ReAD_@BMFK?GCCc@Oa@?a@G]CQ@e@GCzBc@dDELMDE@EEH}@P}@B[Ls@DsAI[?IHUFCF@RH\Fn@Dr@?XH`@RDI\eBJaA?a@FmAD}CBq@BoAEa@DSFCN?LH?PI^E`A@FvABd@?HF@^MvDBJLHVDt@?bF\BFEhCHd@LVJJXJzAHj@?FFOpAIbAGXUh@WZGd@EHe@h@HRLRp@z@LHTFPNBD@NALEHI@E?KG{AkBYm@MFy@bASNQO?KBC\]b@GPULEHDd@v@d@p@h@j@PHHGDS?MCEq@Y]]m@cAAQdA}@V]DAb@\f@d@PXP`@HDNCDE@OCSwBkBEI?KLk@@SHo@F}@DIPFxAj@d@ZJBLEDUAKGIq@G[Kw@_@a@OYCy@AgAESEWWK]AQJ{Bz@?\D`@?jBNl@PlE`BLCDI?YCGICYFK?qDwAcAQu@CUEi@?iDS[?mEYGI?GF}CCMKQKIe@?u@Ea@@KGF_AHg@KWKAMHBlAGrAAnBKlDIz@Q~@IXuAjGI?AIBESG,163.0,6.469404,464.0,2334,Lunch Run,0.0,Run,2023-06-04 11:06:14,35.0,Run,309.0,70.16
47,0.0,70.8,145.8,4.33978,91.0,289.2,6.0,611.0,Garmin Forerunner 265,3.93,54.65,Brooks Ghost 15 Brooks Ghost,942.1,5,ikumF|yrcOLDFP@JJFLBj@R^FXBRCLDDJ?LITIDE?UQ{@Kk@U_@EEAEK?ULQDMx@wD?M]QICqAG]Ga@CCDAPA~AUpAU|AING\Dj@EJIBKAECGM?QLUHc@n@eEBwAE]?OFKLEFBPJp@FViIR_@Fa@@wBF}@JgAd@uAb@kBTkBP}@JsADEH?rADn@Jb@?HF?LGbA?vBEnA?zBItCAp@BLDB`A?r@HlBFtALFcCAGyCs@IM?SHOJCFBPTPFzA^\?HFBRMd@?`@CVAj@BHTDh@?hAJp@@JBHZCLEDIBOGGIKE]AcAK]@mDQUCQ?cCSIF@VGdBCZ@LNFnABbCP^?TDNAb@D`@@^DtBJZDh@L|DxAH?NEL@FH@RGLQD_Aa@wBu@UMo@Mi@IiAAeBOG@?jACx@F\HNXN~AH|ARzAj@j@JJH@PKTEBG?g@a@kBq@CACD?XQxAAZOr@BDj@^pAdAFNCRINM@GC_@q@UQu@y@GEKD[d@]\ABUPEHDN|@fARN\LJHDTAHGFGDMAs@q@g@m@a@w@{AvAQIAC?IHQr@i@V]ROnAmA`@q@Rw@Dm@DUJaAGCg@Ck@?m@C[MUUMWGc@HeCCIe@AKIGQKEmBI{AMS@EDAXAxAJZd@v@^x@R`AFlAHXARIHM@KEGQFa@@[Iw@Su@Ue@q@eAIq@@cBHsBDoBEEQ@oBGUFIFBLA~AIzBAfAI~@IXM|@g@jBs@bDG?CC@OKAABAE@AEAAB?E,173.0,6.259126,498.0,3257,Lunch Run,0.0,Run,2023-06-02 11:08:17,68.0,Run,313.0,74.09
48,0.0,71.2,141.6,4.435971,91.0,298.2,5.0,425.0,Garmin Forerunner 265,2.74,37.05,Brooks Ghost 15 Brooks Ghost,662.9,5,kkumFlzrcO@G@BDADIFCBW\_BL[DYAIo@UkCMAtAEl@UzAARMp@QJCPBx@IPG?ICGIEO@MN]Lc@RaBToAD{AEe@BSHGF?`@LV?VDhAD\JTLL]Lq@J]Fa@FiDHiA?aAFyBEa@DQLILDFNANKXAv@@JLBRAj@Dr@@DDBPAp@CPAzAGb@BLLHTFxGZFF@RIhBD`@Pd@RP\J`@DTAd@DV?D?FH?HYlCG\IR_@b@c@`@UZsBlBGJ?FJLJGp@y@\]HJd@z@j@j@`@h@JBHEFE@I@QCCEGm@QSOa@g@MWIS?IBGRUbAiAB?RLh@h@VR`@t@HBJAFEBI@ECQWYc@UmAeAPy@TsB@W@CL@x@Zr@\RPLFD?HCFOAUKKi@E_@Qs@Qk@U_AGmAEOASGUWIc@F{@BkAj@@hAJbADn@FpA`@PLnCbAN?BCFU?SCGOA[LwBu@OKi@Su@Oc@EiBKSCQ?k@Go@AaAKs@?w@Gc@AcAKEC?GJeCMUGY?S_CGKCAC?UDg@H_@@MCMOEIBGRD`@At@CR?pAE`AAlAMxCG`@Y~@G^YlAm@zCCDIC,168.0,6.881012,480.0,2223,Lunch Run,0.0,Run,2023-06-01 11:44:28,38.0,Run,319.0,76.83
49,5.0,67.6,143.8,4.693226,90.0,289.5,5.0,413.0,Garmin Forerunner 265,2.79,36.06666666666667,Brooks Ghost 15 Brooks Ghost,619.9,6,akumF|yrcOBB?FCHGFETDLFH\@n@VTD`@?JBNLJ?FEBSCKGEM?SDWEU?o@[UECCPy@FQRaAXkAJ@THDAZLPHVVJAFOCOEGEAS@ICeAc@EMb@iBJw@Bs@De@?yA@s@S]?MFmA@eAGa@@KLMTBDDBJ?FOd@At@@NACBAvAHb@?DFB`@UzGD`@HXp@fAFBF?DOIQi@u@Mc@DiA@EFERAjBLdABVDdABFBKpCJd@PXNLRF`AJzADB?DHCl@Mp@K|@M`@JNh@ZlA`AHN?RORK@CCw@oAu@o@MCQJKNW\ONULIJd@r@`@d@PLb@PLJ?\EHIBK?MG}@cAOU[u@GEIDsAtAMEEKFOhAaAlAiAd@k@R[Pe@Hc@LmBDODCH@VLdAZd@V`@XLADO?MCOCA_@Ec@ImAi@MAKPG`AUlBYv@[d@w@v@]V{A~AMCGMDKZ[^Yj@q@nAkAV]N_@Hc@Dq@FS@]Fa@EEQCW@{AEOC[SQ]CMCY?a@HcBAEMEgCIsBO]@_@OCG@MBg@?e@DY@kAACqBEYGIHINArAMbEI|@_@|AE\Od@y@rD@DTTj@Rx@RL?XED@HN?LCJGHOBKGEGOGi@CaA]SAIGAO?IHQ,181.0,8.692982,599.0,2141,Lunch Run,2.0,Run,2023-05-31 11:28:00,48.0,Run,338.0,79.62
50,0.0,68.8,141.0,4.288329,90.0,275.9,6.0,491.0,Garmin Forerunner 265,3.25,45.5,Brooks Ghost 15 Brooks Ghost,752.1,5,yjumF|yrcOA?@?DOLu@f@kB?IQKYImAEg@K[?EtBQlAOv@AJI`@KHEV@r@CJEBKCGEGQ?IR_@DSn@kEDuAGc@@UFGLCVJj@FFABI?e@DgA@mAF_A?u@DMTWDmA?eAF}@?WFm@f@aBf@uBRcB?k@Jw@JSDUNGh@DHAdALf@@LF@TOdF?~BC`BG~BCbCIvBCvADf@FPHPj@x@Vp@PlA?`@Gf@DJLJH?N[K_@Ae@YiBIUS_@g@u@K_@ASD}ABIBEdALbDJf@D~BH~ANh@@^JpBv@n@Nb@RHBLGDAPTBPILOBaAg@qAa@k@[y@O}E[EH?NAz@C^@T@RX\\HdA@tANvBx@f@FHJ@JERGFI?EAe@]_A[_@Q]MKDUjCIb@GNQXi@h@W\cCvBENJLLCjAqAHCLPN\r@~@h@f@FDJ?HYAQIGe@KMKUWm@_ACIDIh@g@t@{@B?lAdAZl@FJJBF?FQAQ{@w@_As@GOLa@BWV_CASS[ICuBEMAQKMUGQAo@IQIe@De@CIo@?q@I}CMc@EECEYOQCK@i@L_CCOCCcCCGCACH_AHc@?IEMQGKFGRH`@?z@GfA?f@Et@EtCEhAi@vBCZGPo@rC?FUl@IC@KCA,173.0,6.567832,500.0,2726,Lunch Run,0.0,Run,2023-05-30 11:04:34,46.0,Run,304.0,82.87
51,1.0,68.5,141.4,4.427023,84.0,277.6,6.0,566.0,Garmin Forerunner 265,3.72,50.516666666666666,Brooks Ghost 15 Brooks Ghost,840.7,11,ekumFbzrcOA??CH@DCVwAX_AH[AEi@UaAGq@I_@?GtBAFC?OGCEBc@?}@GS@Q@GHILETNT?PBr@AXD\Fd@TD?Fe@L_@Lo@Fs@BoADu@?{ALkDG_@?MBKNINDJPKh@E`AzBLNJIbEIvBJx@t@bAH@@CDMAGe@u@SSI_@?QFQ@]FKLCT?b@Fh@@lAL~ABJ@DHK~A?d@Ln@HJLNJF^HlBDLD?TMbAGz@K`@M\U\]^{BzB]VCJDFHBFCnAqAD@Zj@RXdAjALFHCFOASQO[IOKs@_AKSCMBIlAiAFMFCXPZX`@RXn@FLF@F?HIBKESmAiAq@i@?CFWJi@N_C@AhA^RLNDl@`@NAHSCSIKE@WAqAi@eA[GJItAMjAK`@Sj@uBzBaAz@CD?DPFVYj@e@LQNK|@{@\c@PFdAz@^z@JFHEDIBMEUcCkB@KHUJm@PsBFKjBv@j@`@JAFM@ICOKK]AuBy@kBQcACQGU[I_@?UJaBAOIEGHCNGlBDd@Pb@LLNHLBR?jAHf@ADB@LG`@O`BQr@]h@SNq@t@OJc@h@o@f@CDJVJET[^[RY\Yp@q@V]FCB?nAhA`@z@LBHEDO?MEQYWo@a@s@m@CIViA@[Jy@B_@DEHB`A\f@TZXJDF?DEBQAOGKIEW?kC}@SCa@AcBKWKW[E[NwC?KCCQ@sAGM@yCSi@?KEDuDUa@{BEICCQBq@H[@MIQEEEAIBIL?HFX@TI`CMvGMbAYfAKj@]jAUvAKZ,173.0,7.368678,522.0,3028,Lunch Run,0.0,Run,2023-05-28 11:40:14,53.0,Run,314.0,86.59
52,0.0,69.9,139.2,4.218982,88.0,278.7,4.0,278.0,Garmin Forerunner 265,1.84,26.233333333333334,Brooks Ghost 15 Brooks Ghost,438.7,3,okumF~yrcOFBLAN{@Rs@RgA?EMKYImAGGC{@ECB@l@Gl@?\g@bDCDOFE@CEf@cDDg@?]Dw@E_@@KHKJA\Lb@FHAAKHcA@kADwABYAGBq@R_@Ju@?wABaANiAXcAHc@JW\{Ap@gF@GN?zAJhA?DD@LOvEAtEI`BCrAJDjFPhAJDAHwBAG[Qq@MmA_@IIAQHQLCF@LRVLtA\`@@FHDPIXCPCbACXDHVFp@@RDDAP?TBv@@FDBH?VMLI@WWm@Ce@EiACc@G}@GcBEeAI}EQGQ?GDoAJc@GQGGOBEDCJFZ@PM~DEfDE|@UtAMd@Mp@aAbE,166.0,5.945946,487.0,1574,Lunch Run,0.0,Run,2023-05-27 11:34:17,21.0,Run,300.0,88.43
53,0.0,68.4,134.9,4.234641,84.0,275.1,6.0,573.0,Garmin Forerunner 265,3.85,54.71666666666667,Brooks Ghost 15 Brooks Ghost,900.9,5,{jumFzyrcOEDJPFNh@V`@Ll@FVCHBDFBHGTGHK?OQaAKk@Wa@AIM?WPYZsA\gB@Q]OSEQAg@Gi@?g@CCz@?d@Ej@YzAKz@EFGBEJB~@CFM@KCEGCUPWPsA\eBJeCG_@@OJML?RL`@FL@DCRcI@EVa@BSD_BAw@J_ABe@Je@Zu@h@aCb@gDJeA@CLCrBPh@@XDP?DJIvBC`CGP?nAWd@ALK~D?nAOfG@\FRNZd@p@Xp@FTJv@@`@Gf@?NNHL@LU?EK[E}@UoAWm@k@{@Oa@AM@eA@MDEb@FnAH^@d@DnBFB^IlBHd@P\RPRHh@?h@Dp@AD@@D[bDSp@o@r@iAfAa@j@YL]ZEDDDHHLALS`@c@Z[HAFHP`@PVlAtAJDFGFO?IGSQCe@Qi@s@Ye@AI@IJKxAyAp@p@XRXf@HTNHPO@SGKm@g@g@e@YSQSPu@TgCBGDA\Pb@Jh@Vf@`@PEFY?EKIQEQAQEgBq@o@KyACc@EMESUKWC[F_@@uAJEb@D`ABlBLj@Nb@P^JpCfAL?JO?SIIKAWFiBm@wAo@]Gs@E]Eu@CmBOyAEu@Gc@?aCQCGB{@?{@@e@@IDGtDRV?tALX_@DQBaBHU@MMS_@?_B]KEO[GCK@IJ?PHLb@Lz@Px@VBLGtBCDE?_AEo@?o@GsCMc@Eo@A]E]?EE?w@BUH]EOKCI?C@EN?HDP@PEdBC@@FAPApAIdB@|@Gx@m@zCUr@i@pCIZE@GE?K,166.0,6.657312,506.0,3275,Lunch Run,0.0,Run,2023-05-26 11:14:20,44.0,Run,306.0,92.28
54,1.0,69.5,141.0,4.20556,91.0,277.4,6.0,752.0,Garmin Forerunner 265,4.91,70.05,Brooks Ghost 15 Brooks Ghost,1165.1,8,ikumF~yrcO?@H?DCHo@Pk@RgAFM?Gk@W}@EUC{@A?bAGz@[bBCXG`@CDGBCDE`@@LBNALCBMDOMEK@IN_@Da@J[b@kCDoBEc@@KDKLGJDNJ^?PD@?BI?e@D{A?i@Di@A_@FgAVWFkAAQFuCJi@^mAf@}BPoABe@J]PsA?OIKIAg@AiAKGCM[EEGAsAIw@@_AGuDMu@KgCKGCGGAKMcCEe@MgDKaB@cCC_@?oAFiALeA`@wA^eA`@o@f@wATg@\_CBi@EuAGo@G]oAkDi@_CQg@YqAUkB?WKaAMo@ImCBmBHgAN{@TcAZgAL{@l@_BlAuFRu@|AsERo@TuB@oAIuAMk@AMHWLAhBHjACz@B\AdCPtBBj@HdBD~BN|@D~@?fCRlAPh@DNDDJ@T[bEBNJRDj@GrAWlDCt@O~AGxAS~BCfAQzB?TGd@MtBGbBCPEdAOxACl@?pA@TV|AlAnE^fARdA\v@Nt@Rl@ZpAbAtDJZd@r@fAbCx@lARn@fAhC`@lA|@nEv@lCDd@ACB@Pb@TpARt@Pb@BNGTQVw@^qBl@]Fa@@_AMqAMq@G}AG]EO@EBGPO?]Ae@GkCMs@K_AA{EWGn@?~@Gh@@~@Ez@?zDI|ACfAMDSOIAq@AaAGEACK@q@Li@AMCIGCG?KHEPBzAKdD?fAIzBGp@_@`BGFo@W[A[Ca@?SE_@CYMMDCF?HFV@dAGJ?`@U`BKf@MfACHKJAHANBJPFD?BC@]CQB[BMHKNm@Bi@RsADq@A[@a@BIZCl@JjABPDXN?PALEFCABGMhACJILQx@,172.0,6.639416000000001,499.0,4200,Lunch Run,0.0,Run,2023-05-24 12:34:05,69.0,Run,307.0,97.19
55,0.0,71.0,137.6,4.328595,88.0,283.1,5.0,451.0,Garmin Forerunner 265,2.98,42.0,Brooks Ghost 15 Brooks Ghost,701.2,6,kkumF`zrcOAABB@FADE?ECJBDHMKG?BCC@PD@DB?UONB@DCDD@FSRw@NaAXeA?Gc@SYEcAE]I]@AB?dACf@e@fDITKJEHBv@KNE?IGEIAOL[No@Fw@\cBDc@BmACm@BQPCh@NX?hAHXFf@TBA\}ANsA@yCFqA?_@DMPInAFVGN?VBVHBH@NE`@Ct@Cd@ARBFJF\En@@h@FZ@^Hh@Ab@DLNPPIjCD`@R`@PPVHj@@r@Fd@ABDEt@MlAGd@K\[f@{@|@]XW\eAx@CLJLB@JI|@cAPI\n@HHLV^ZLTTTJBFCDKC]GGe@IOKg@q@Sg@AMBIZU^a@\c@DAhAz@JNTn@HJLDJI@WGOu@g@W[a@]MQ?GHYRuADq@DUBC`AVd@PRN^TH?FK?MGUu@Ic@KqAk@YG_A?s@GUAQGOOIi@B_ADg@EWDKpADRDR?XD^@d@FNDXB~Ap@zBv@NAFK@GAQEIGAQFGDK?g@Uk@S]SkA_@]IyAKo@Ce@Iw@Aq@GW?_@GgACa@?UCc@KOBOJQBCDEzAF\f@p@\p@VfAFb@@t@DLBV?DMPGBE?MMCMDo@E{@G_@Y{@w@oAEME}ANoE?{@OE[C_@@}@MAK?UJgACKMEIDGLDZ@^WpKIl@Mb@AXSZEb@GLOz@m@nCEB,166.0,7.064446,485.0,2477,Morning Run,0.0,Run,2023-05-23 10:48:05,33.0,Run,306.0,100.17
56,0.0,70.5,141.6,4.281618,90.0,283.5,6.0,483.0,Garmin Forerunner 265,3.14,44.15,Brooks Ghost 15 Brooks Ghost,747.5,5,_kumFb|rcOBDLCXFHF^Ld@ANBDBHNFBJEFUAIMMa@Fu@Ku@SGIVmANc@TuAJSB?\R^HZZLFHAJ[?GGKUAO@I?][_@GEKNe@TmAFg@Ds@Ae@JoADsCBIZ?r@Fh@CH@BF?bBIrAGlBD^HZt@jAXr@LfA@d@Gn@DJH@NCHQ?OKi@EiAc@mAu@sAKWC]@u@BO|CHvAJn@@HB@F?REtA?f@DVL\d@Zn@Az@H^?FBA`@QfBEVOd@MVY^mBhBSVk@d@CBBJLFXYh@q@LKFAVh@RZl@n@Z`@HFHBJOBMCUc@MUMy@aAMUAI@Gt@o@f@m@JEjA`AXr@JLHDJKD]EMo@c@OQy@m@EK?KLg@D_@NiBDEF?|@^TFVLj@^D?JU@QCK}@IYIc@Yk@MSIYEe@@yAIOEKIEKIg@BmBBSDCR?d@DpBFhALb@Vt@RTLl@P|@`@JBNCBEBK?KCEOGI?QHEAe@Ue@KgAi@y@Uo@M_DO_@E}BG{AMc@?iAKCMD}@Ag@@s@@IDA~@B`@F^Bb@AlAH~ADt@Jn@BZARHLPLBJMBO?IEGg@I[@y@E[E_A@gAK_@?a@GaESmAK{@@CEC}@DSFI@QGOIEG@GFGJDd@An@KnD@fAKfCUtAQn@EZSn@g@pCGJ,166.0,6.8049539999999995,462.0,2637,Lunch Run,0.0,Run,2023-05-22 11:17:10,43.0,Run,306.0,103.31
57,1.0,69.4,141.7,4.536636000000001,84.0,294.6,6.0,834.0,Garmin Forerunner 265,5.35,71.31666666666666,Brooks Ghost 15 Brooks Ghost,1251.5,20,ckumFxyrcOCFHADG^{AVqA?EEGq@OiAEYG_@CANCzAS`BOn@CZGPKDCHAb@B`@KHK@IACe@@GJCDSb@cDLo@DqBC]BKDCHCHBFLJBfABFAt@FNDZRD?BARiAFWHs@DuAJqBBiBD}A?[Ca@BOJGR?FRARI^ErABLl@?n@Bl@?ZFp@DlADjA@^Fx@FjDNL@RTH@FABCDMAOKMqBEg@G_@?IAEMAIFsAJg@AKCKMGS@c@EMEu@WU[KCG@EDAH@NHJl@LVDhAXHHBLO|BYB]AYGuBMiAMQ?EFEd@CzACf@@RFJFBh@BvBJt@D`@@THLLBNAv@IfA@RF\LVVRPDt@?h@Dh@?DBIjAQhAKb@Qd@oAvA]X{AzA?FFHD?LOTMh@q@NCZn@xAdBDDJBL_@@ICGIGg@MQM_@a@_@i@ES@ELGZWv@_AFETN|@v@Pf@NVJBDAHKBKIWu@k@_@a@e@]VyBDkAFELBf@T|@ZXTJ@DARKDKAGGEICg@COEmBu@]Gy@A_AGYIIIIQGOAQBwBDOn@Fz@@r@H`@?t@JRFf@X~@\PBb@Tv@VF?FCFS?Gk@?IIk@WqA]_@Ue@QWCIE_@A{@IY@_AM_@?_@Eq@?iAKgBGeAIGFALAdBJb@j@t@T^DN?HL`@TfCGVEBK?GEEMBw@E{@ESMc@Qc@w@sAKg@@yAHkAFcCCCKAc@?sAGEQDgA?MH[@QGKGAI?MJCJFX@ZDLDVDHVDPCtANDBD\AlBAb@G\@HDJTJz@Fx@DBAb@Db@@JGLAL@XLZ@FH?TAt@Ej@@RHb@NXTPXFd@?l@Fb@ALDY~CSr@UZ{@`ASPe@Xi@p@[X?FJHDA^k@\Ub@e@z@u@f@q@DCZRp@p@h@|@FDJADEBQAKEKi@]qAkACINi@VqCHCLBnBt@PNVGDKAKEIQCi@CmBw@i@GsBIWGW_@COASBk@COH_ANCh@ATDRAfBRl@Ld@Lz@ZxAn@VDNNH@JODO?IAGIE_@FKAIIQCi@UcAYe@Yq@MYAw@Ko@?g@I}AAyAOkAC[KO?KD{@ESHK@ACPoB?iBWIkAC_@AIEF{@Hm@?IEIEEG?KJGRBP@v@GfAIvEGjBm@xCGRWjAYjAKl@EJC?,177.0,8.303744,633.0,4248,Lunch Run,0.0,Run,2023-05-21 11:19:28,72.0,Run,327.0,108.66
58,0.0,67.7,145.6,4.4471560000000006,82.0,292.5,4.0,260.0,Garmin Forerunner 265,1.6,22.55,Brooks Ghost 15 Brooks Ghost,379.1,23,mztmFlercO?CB?`@?r@HtAFH@?BA@OC[AWE{@Cc@Gu@ASCXA~@H|CNC@@AEBE@q@GkACm@IaACDCT?|@D^Dj@@l@DZ?FD{AC_CQS?rDLz@F?AeAE]@eAIe@GI?d@@RBLArAJx@@DD@AI@e@AkAGu@I]?i@EEBXCp@Bd@FpABXD\@FBQCuACo@ImAEDA\?ZBP?l@Hh@A`@FV??Bu@?s@E[GS?s@IRA\HrCNE@Q?c@Ge@AsAOgA@UIQ@k@Ec@@YGu@?}AMA@ER@l@InB@z@EfAK~@]~AGFWTKLSlAUz@Kd@?D,175.0,8.41112,710.0,1296,Lunch Run,0.0,Run,2023-05-20 11:24:30,24.0,Run,341.0,110.26
59,0.0,63.7,131.4,4.185427,82.0,268.9,5.0,353.0,Garmin Forerunner 265,2.29,33.31666666666667,Brooks Ghost 15 Brooks Ghost,528.9,23,ajumFzwrcORgAPi@?EAEq@U{@GY?u@GIlA?n@_@tBEn@CHKFCHA`@Bb@GFIBIAGEGS?ORUDKJgA`@kBBc@A[Ds@Im@FSHEJARHPBh@?lAF^LRLBAJk@Tw@Fc@DmEF_B@KXUZFNATDV@\ALDDCLDb@@SACLAV?tAEj@@Jh@?fAHXCb@Jd@Ad@HdA@~@Lx@@@DH?BBmAEwAMVAX@bAHn@?PDE@u@AuBMhAC`@Ft@D^FyBC_BOb@ApBDx@JL?GB_AAaAEy@IxAAf@Hx@@TF[EyA?cBK^ClAD^F\Ab@Ba@@cCCk@IKEdA@h@Jh@B^Ab@Fu@CaA?cAK_@ABCFAX@t@H~BFS@sA?wBQHEdAD|AHp@JwAAMEa@AYE}BI_@CWGmAAo@IY@GECK?]HkA?]@[ZC`@?TFn@DBA,176.0,8.129258,770.0,1967,Morning Run,0.0,Run,2023-05-20 10:50:42,22.0,Run,334.0,112.55
60,0.0,71.5,140.6,4.458341000000001,,304.9,5.0,437.0,Garmin Forerunner 265,2.77,37.56666666666667,Brooks Ghost 15 Brooks Ghost,682.9,5,skumFlzrcODAHF?DGHCLFRJBR?h@T|@J^LL@?SCUYDu@I}@[GMPc@Fc@f@iCFC`@L\RTFRTD?HEDQCQGIc@AYGk@WCKBS\mADa@Ak@BQFODs@A_@FwA@sA@OBAxAFd@DHDCRApBCp@DJRFvCT`ABt@DTAB\EvBHh@NXTNRFdCJHFGPIn@AVKv@Wx@OTo@j@kApAWRi@h@ALHJPKb@k@`@]FCdA`Bz@x@F@DCFKBK?IEGEGUEUI_@Wa@o@IUAKHSb@_@f@m@JGF@JHl@j@PJLPL^HJNBFEBUESm@c@sAkA\kCFu@@CHC~An@J@f@XL@BEBMCOGG}@QiAa@k@QQC_@?q@Gg@?KAOGOWIUFcCBOh@@lBL\?p@HvAf@pAj@^Hf@VH?JKDMAKCGIEG?QFa@I_Bk@s@]gASkAEYI]?k@GgCKo@GmCIWECBGXCfA@f@DPh@j@^r@R~@Fj@@l@Fb@CHGHKDICEECOD_@?]GcAU{@IQQQc@u@Mg@?y@FwA?u@HeABs@AMECOCi@C}@AICCQ@[J{@ESEAURCD@fACd@?NA`BEfAApAMrBShAQl@Kf@Ut@a@~BEJI@,168.0,7.0331280000000005,474.0,2240,Morning Run,0.0,Run,2023-05-19 09:12:30,33.0,Run,320.0,115.32000000000001
61,2.0,71.0,141.1,4.330832,,298.6,6.0,804.0,Garmin Forerunner 265,5.1,72.21666666666667,Brooks Ghost 15 Brooks Ghost,1266.5,8,wjumF`zrcOBICVOTCH?HDJ`B`@t@HHJF@LMBM?IIKKAMFI@OE]CCE{@WCI?OHa@ZcAJm@d@iBHm@TaA?w@FU@YFkDDcBRE\?n@FPDP@DA@KBuCDe@CkBDiBe@uEmBM]?SC}@Ea@GUBGC}@EgBOqAAYIQUKEU?OGOAW?oAK_@?KISFO?WC_@AKCGEESAa@O_B?s@K_BKcCGwFFoAJaAP}@Ts@z@qBbAqBNu@LiAD{@I_BO}@m@gBMm@MOOa@Ic@Y_AGYYiACe@YqB[_DGoABiCReBj@eCt@gC^cBVy@l@qCdBkFJ]Da@Lc@P{ABy@EgAQaBDILCl@@dAH\Al@BnAA~AHbA@JBvAJ\?hBJn@@r@JN@RCj@Dl@@n@F`@?l@FdAFh@Lf@BJBDDBLEfAOrBO|CAr@OtBRd@?`@Kn@StCYlFKdAA~@StCIhBKnAIxACvABt@Jn@h@|Bf@|ApBvHv@hCV~@BZn@bBdAjBRf@nA~BfAjCf@zA|@fEt@zCD\Th@h@rBLp@JVCF_Af@{Ab@YN}@J_@@]CSN[Eo@?a@Iw@@m@IaDUa@G}BGkAKoBEo@G]?a@GM@E^Cf@?dBGbB?hBIlCAxAIjA?vACt@BBd@@ZD|CPhHVp@Lh@Td@Lh@XhA`@J@VGJBFD?XGJOFwAg@yAq@]ISIcAOaCKOCcBGkG[QIEI?IDq@FeDEEC@a@A{AGCQBo@Jk@CKCGGCK@EDIRDT@RGdBAfBCl@?n@CN@`@EbAE\WrAK\EXM\u@fD,168.0,6.8564050000000005,506.0,4241,Lunch Run,1.0,Run,2023-05-17 11:27:47,68.0,Run,318.0,120.42
62,0.0,67.4,130.3,4.075814,,263.4,,420.0,Garmin Forerunner 265,2.72,40.03333333333333,Brooks Ghost 15 Brooks Ghost,632.7,5,,150.0,5.1451,349.0,2402,Morning Run,0.0,Run,2023-05-16 10:52:08,22.0,Run,287.0,123.14
63,0.0,26.9,126.9,,,,,109.0,Garmin Forerunner 265,,10.05,,,1,,136.0,,,603,Lunch Row,0.0,Rowing,2023-05-15 11:23:27,3.0,Rowing,,
64,0.0,66.1,131.2,3.977386,,240.0,,323.0,Garmin Forerunner 265,1.99,30.0,Brooks Ghost 15 Brooks Ghost,432.0,4,,154.0,4.706648,317.0,1800,Morning Run,0.0,Run,2023-05-15 10:49:04,22.0,Run,265.0,125.13
65,0.0,67.7,139.3,4.415838,,286.8,6.0,507.0,Garmin Forerunner 265,3.22,43.95,Brooks Ghost 15 Brooks Ghost,752.5,11,gkumF~yrcODE@FBEGVEBELAHDFRKLMDIRiAHUJy@Le@BCHA`@VBEAWGGWKAM`@_BH_@?qAL}B@iBB[@EFAtAHX?JBFFAx@K`CCvBFXv@tAZp@LdA@f@G\?NBJHHD?FEHUQeCU}@aA}AGOCY?]@e@DMBAbBNj@?rAJv@ALBB^I`B?XH`@NVZRRDzBDDF?VSzBQn@e@l@s@j@KTY\UPOPUL_@\ADDLHBD?PQNU^c@JKFADBZn@X`@r@p@TVJADEBK@OCIy@Y_@c@e@s@CK@Kf@k@`@]V]HBLHz@x@^|@JDJEJQCS_BuA_@WEI?CN{@TaCFCN@b@X`A`@XRLDJGDQ?KIKy@MmAg@u@SOAC@e@?]Gk@ASGKEOQEMCQHeCUGi@EEEQYm@CUEM@KFKISEaAEc@PEFE~A@PJTNXRRT`@V~@Jn@Av@JT@LAHGHMBGAIICKDqAMgA_@w@i@_AM_@E_@?cAB[J?ZN`@Dv@?zBNRBp@BDD@TE`ABHPJFp@DLLNZFdBDXB^FrBx@f@HLPEXEFK?g@]i@Ui@O]QSEiCM]IUUMQIe@AWJoBEMq@AeCO{ACOEEY?u@HoA?s@QOEMGCmAIq@ACI@i@J{@EQQAIFEHD^@TI`DA`BGx@A`AG~@WhAANB\FJfA^ZDPP@LIPMF[WQKUIi@YQA_@xAIb@Sz@EBC?,164.0,7.757916000000001,559.0,2624,Lunch Run,0.0,Run,2023-05-14 12:12:54,38.0,Run,313.0,128.35
66,0.0,64.3,134.3,4.127265,,244.2,,231.0,Garmin Forerunner 265,1.38,20.066666666666666,Brooks Ghost 15 Brooks Ghost,294.0,5,,155.0,4.925874,334.0,1204,Night Run,0.0,Run,2023-05-13 22:54:13,15.0,Run,269.0,129.73
67,0.0,66.4,139.9,4.261485,,253.9,,464.0,Garmin Forerunner 265,2.84,40.016666666666666,Brooks Ghost 15 Brooks Ghost,609.6,5,,164.0,5.552234,396.0,2401,Afternoon Run,0.0,Run,2023-05-12 15:36:35,41.0,Run,276.0,132.57
68,0.0,69.5,144.8,4.6686190000000005,,307.4,5.0,346.0,Garmin Forerunner 265,2.15,27.883333333333333,Brooks Ghost 15 Brooks Ghost,509.4,3,_kumFxzrcOIFAL@JHJH@LC\Lj@Ll@DRPLADE@WEGGEO@IBi@?_@MSC]OAGXeAV_BV{@b@TZHTLDLJJD?FCBO@IIQW?MCe@WYIGECIl@{BJmABy@@wAJwBAMOSGO@aAEa@BQDGHCL@FN@J?HI\Iv@@HB@T?d@?TDj@?HFDX?VAp@OhA@FBDTNLBZ?dCRr@Ah@DFJVPKpCFd@LZVRVDnAFv@?DB[bDOj@a@j@qApAUVmAbAAFBFNDLIl@u@pAqAj@c@PWVi@La@JcAB}@DUN@x@XXTTJ\XJ?FG@OA[q@Ii@U_@Gs@Wk@GaA@m@IUIUUAECY@gAF_A?BAEuBQ{@?UEuBIMEOSCQB{@Dc@A]F{@AMIEo@Ce@Eg@@EM?IHyAEQIAMVD^An@IhBCpCI`CMv@]vAIf@O`@g@jCI\IJIP@JJJF@PAx@ZTDLAPDNLJDJIDMAIAMEIa@FYE[Aw@YCCEOME,172.0,7.283672,498.0,1657,Lunch Run,0.0,Run,2023-05-11 11:32:41,33.0,Run,334.0,134.72
69,0.0,66.8,141.4,4.58585,,296.0,5.0,323.0,Garmin Forerunner 265,2.04,27.2,Brooks Ghost 15 Brooks Ghost,474.8,5,qjumF~yrcOFBBGTgAB_@FQPy@QKc@MO@aAO}@CCJ?jAEt@Ib@U~@AZQbA?d@GPIFUMCK@IPYHYTmBPmAJiBGg@@KDGFED?n@Nh@Dj@Bf@J^NB?DE^iBD[LqEFeAAuADaACc@DSJEJDHLAPKf@Cj@BFXB~ADJBBL?JKlC@PHLRJh@BPB`BB`AJ^@JBTNBLGlCBXJ\\ZTHHBlBBLBDFARWbCI\MVw@`AuCrCCJHH@@XSx@cAzAqAn@_AJUDWVgCFUPB\NRBVPVBXXJDD?JEDQCKGGi@Ei@SWQu@SaBSaAAYKQWI_@JiCk@?_@EkCIs@Iu@AKCMMASFoABaBA[CEGA_AAw@IEJCn@@ZCb@CP@r@KlDMdA_@dAIh@w@hDGFGAIDQ@QK@GCA,172.0,7.462632,542.0,1604,Morning Run,0.0,Run,2023-05-09 09:32:33,29.0,Run,341.0,136.76
70,0.0,69.1,139.0,4.277144,,289.6,5.0,358.0,Garmin Forerunner 265,2.25,31.566666666666666,Brooks Ghost 15 Brooks Ghost,547.4,27,_kumFpyrcOTu@?QTmAN[NKNCBEFo@ZuAJyA?wA@aAJaBZ@HBnAAVDJAZ@p@FNAbBJr@BXBHAn@HXAf@FN?HBEDDGI@qAE{BS~BJb@FV?NDgBGU?m@Ee@I`@Ed@Jv@?nANE?ABy@E]?_CQ`@A\D`AAx@Jb@HGBWAWEeDQNATBdCFp@HuACuCOTEr@F`B@x@HEBoBIm@?eAEVEd@AZDj@?p@Dd@HR@E@Q?a@GY?wCOCCXA~AJd@?d@Dh@HuAEq@Ge@?u@GvA?l@HfADTD}@Eo@Au@IcCGyAI_AKa@AaAIE@Iz@@l@E|B?p@KlAOv@_@tAWvA[lAQ`A@FDB`AVl@BLCOFo@Ea@Mg@U?GDIZ}A?QIIA?A@c@tBOE,174.0,7.417892,586.0,1890,Morning Run,0.0,Run,2023-05-08 10:45:07,31.0,Run,317.0,139.01
71,0.0,69.8,144.2,4.56348,,279.7,,613.0,Garmin Forerunner 265,3.8,50.0,Brooks Ghost 15 Brooks Ghost,839.1,6,,169.0,5.395644,356.0,3000,Lunch Run,0.0,Run,2023-05-07 11:11:22,63.0,Run,301.0,142.81
72,0.0,,117.0,,,,,90.0,Garmin Forerunner 265,,10.05,,,1,,127.0,,,603,Lunch Ride,0.0,Ride,2023-05-06 11:02:14,2.0,Ride,,
73,0.0,70.5,137.2,4.469526,,276.3,,247.0,Garmin Forerunner 265,1.5,20.45,Brooks Ghost 15 Brooks Ghost,333.0,2,,159.0,4.975088,329.0,1205,Morning Run,0.0,Run,2023-05-06 10:38:20,16.0,Run,288.0,144.31
74,0.0,67.9,132.9,4.3084620000000005,,264.5,,436.0,Garmin Forerunner 265,2.88,40.05,Brooks Ghost 15 Brooks Ghost,635.6,6,,157.0,5.077990000000001,328.0,2403,Lunch Run,0.0,Run,2023-05-05 11:19:11,29.0,Run,295.0,147.19
75,0.0,69.6,137.4,4.565717,,297.6,5.0,369.0,Garmin Forerunner 265,2.39,31.483333333333334,Brooks Ghost 15 Brooks Ghost,560.4,3,_kumFlzrcOPi@PiAXgA@SCCGAWKUEU@[Eu@AUGE@CFEtBSbBYdBAp@EJIDQAIGEODMJOHUj@{DBe@@}@Cu@FSJEVJPDtBLRDd@TBW\mAHa@D{BBe@Au@Di@DyBAaBDONGF?DDFF@JCNI^En@?J`CBF@DH?VGjACxBEv@E^Bd@Jb@\^NVR`@L^PdA@b@Ih@DPJDF?HIBG?KG]GiASaAWm@_@i@S]EQ?qA@ODEPATDzAFbCPb@?BXCj@Gx@@VJp@\VZLjA?^FT?B@BFWbCKf@MZY`@w@x@_@Zw@x@i@`@CF?HNBPG\c@vCmC`@}@FWRcBBi@FODAj@N~@b@^VFBJ?HEAc@IGk@EQE_@SeA[yBSk@?KEY[GQAQBo@FiAAGGEi@Ck@@a@Eu@Ec@IgA@UCMGWUBW?oAFqAAQGMKII@aBGGE?}@J]?SEIQEIPAP@HB@Az@G|AKbGEj@[lBc@xAIj@YhAMr@GFG?AC,164.0,7.520794,537.0,1883,Lunch Run,0.0,Run,2023-05-04 11:20:03,27.0,Run,325.0,149.58
76,0.0,64.6,145.0,4.214508,,268.9,4.0,211.0,Garmin Forerunner 265,1.31,18.816666666666666,Brooks Ghost 15 Brooks Ghost,301.8,2,mjumF|xrcOl@eDb@aBPkAHgCBmBBC?SBcDC_@BMFEL?LDFJATIVEz@BJdABv@HFAJiFC{AHqCBwAFw@MbFA~DItDAJIDuBMWAIDCP@ZCHCxA?|@E|BC\WnAM`@Ij@GDa@Q[GkAEWEa@?@d@EjAOfASz@SxA?l@CJGDM?GCKQAS@INWJe@Fk@^uBH_AEaABQAI@GBCPANHZFZ?FDFVh@Bf@JPDLJ@DCN[jAMx@M`@,170.0,7.5700080000000005,505.0,1122,Afternoon Run,0.0,Run,2023-05-03 15:33:02,19.0,Run,301.0,150.89000000000001
77,0.0,64.3,131.3,3.93712,,224.2,,299.0,Garmin Forerunner 265,2.07,31.566666666666666,Brooks Ghost 15 Brooks Ghost,424.7,4,,181.0,5.623818,379.0,1894,Lunch Run,0.0,Run,2023-05-03 11:57:35,24.0,Run,280.0,152.96
78,0.0,67.3,131.6,4.456104,,268.3,,421.0,Garmin Forerunner 265,2.98,40.083333333333336,HOKA ONE ONE Bondi 8,645.2,6,,156.0,5.095886,328.0,2405,Lunch Run,0.0,Run,2023-05-02 11:28:45,25.0,Run,293.0,2.98
79,0.0,64.4,140.0,,,,,393.0,Garmin Forerunner 265,,32.03333333333333,,,1,,161.0,,,1922,Morning Stair-Stepper,0.0,StairStepper,2023-05-01 10:52:45,27.0,StairStepper,,
80,0.0,,136.6,,,,,237.0,Garmin Forerunner 265,,20.1,,,1,,156.0,,,1206,Night Ride,0.0,Ride,2023-04-30 21:48:39,14.0,Ride,,
81,0.0,66.9,112.1,3.201147,,195.6,,54.0,Garmin Forerunner 265,0.34,6.35,HOKA ONE ONE Bondi 8,74.5,1,,143.0,5.051146,322.0,381,Night Run,0.0,Run,2023-04-30 21:40:39,1.0,Run,249.0,3.32
82,0.0,65.4,130.4,4.364387000000001,,253.5,,323.0,Garmin Forerunner 265,2.19,30.116666666666667,HOKA ONE ONE Bondi 8,458.0,16,,161.0,5.489598000000001,362.0,1807,Lunch Run,0.0,Run,2023-04-30 11:26:10,24.0,Run,292.0,5.51
83,0.0,65.8,134.8,4.0266,,240.6,,327.0,Garmin Forerunner 265,2.02,30.083333333333332,HOKA ONE ONE Bondi 8,434.3,3,,169.0,5.552234,371.0,1805,Lunch Run,0.0,Run,2023-04-29 11:06:48,26.0,Run,275.0,7.529999999999999
84,0.0,66.0,131.1,3.9840969999999998,,226.8,,431.0,Garmin Forerunner 265,2.66,43.0,HOKA ONE ONE Bondi 8,544.5,5,,165.0,5.261424,351.0,2401,Morning Run,0.0,Run,2023-04-28 10:31:35,28.0,Run,267.0,10.19
85,1.0,74.3,163.8,5.326296999999999,,368.2,4.0,211.0,Garmin Forerunner 265,1.28,14.4,HOKA ONE ONE Bondi 8,318.2,2,_kumFlzrcOTkAl@wB@Ik@UuCSOxCU`BSz@E`@@h@KJG@QGEQ?K\eABWRiAPoA?m@Be@Eg@F]FEFARLNDf@AhAJRFb@RB?L_@^kBD{@?a@F{@A]Dm@?m@HgB@{@G]@K@IDEVAJNATKVCb@E|CKvD]t@Eh@_@xACHI@y@Ua@CO?WCi@Ca@SKFIJFt@CxAu@tES\HZFFF@FAFUBi@p@uEBk@B_ABMP?ZFd@Bf@?TDh@R@HAJ]nA_@lBEHIAAC,181.0,8.361906000000001,611.0,864,Afternoon Run,0.0,Run,2023-04-27 14:09:25,34.0,Run,374.0,11.47
86,0.0,66.2,130.2,4.1295020000000005,,247.7,,366.0,Garmin Forerunner 265,2.41,35.083333333333336,HOKA ONE ONE Bondi 8,521.5,3,,158.0,4.970614,323.0,2105,Lunch Run,0.0,Run,2023-04-27 11:04:53,23.0,Run,274.0,13.879999999999999
87,5.0,69.5,154.1,4.972851,,336.1,5.0,372.0,Garmin Forerunner 265,2.34,28.516666666666666,HOKA ONE ONE Bondi 8,568.4,7,kjumFhxrcOACHUBc@H]Jo@c@SoAIQEo@AEN@~@Ab@SzAK\?XUlAC`@ELIDOCGEIO?GRe@Ha@HWDg@PcAJw@BwAGe@HSFCNBLH^D|AFx@VH??EPk@D]Rq@JiDD{@AW@cAJOHWDE`@Ah@FZ?T@ND?j@O|EAt@@XBPJ\p@|@FAHOEOi@q@KWC[?{@DQPAd@FH?lBLxBHHF?RGnAAj@DZP`@RLZJxBFH@@D?TObAIdAEPOZINUX]XmBnBMHCJ@DNDDCz@aAzAqA^g@HDjAjAVj@HDJ@JKBMGOq@m@iA{@EIAEL_@LaABaABYFENB|@^f@N`@\FBH?FGBYEMIGk@?e@O}@_@OEm@Gu@Ay@I]GKQKa@Ac@HiBIIKAa@B{BM_@AiBQGHC|AJZf@l@FLCREBG?W[_@m@GUG]FwCHoABkAAUGCs@?kAGEEBe@?GACKFCNMzE?`AIpBOl@Kl@S|@EZOb@?FQr@Gd@Mb@I?IF,185.0,8.259004000000001,611.0,1691,Afternoon Run,4.0,Run,2023-04-26 15:16:14,50.0,Run,375.0,16.22
88,0.0,,134.3,,,,,388.0,Garmin Forerunner 265,,35.06666666666667,,,1,,149.0,,,2104,Night Ride,0.0,Ride,2023-04-25 22:32:45,21.0,Ride,,
89,0.0,67.2,132.2,4.048970000000001,,250.4,,423.0,Garmin Forerunner 265,2.7,40.06666666666667,ASICS Gel Venture 8,602.0,6,,153.0,4.702174,328.0,2404,Lunch Run,0.0,Run,2023-04-25 11:16:22,27.0,Run,271.0,2.7
90,0.0,68.1,138.6,4.149635,,256.0,,463.0,Garmin Forerunner 265,2.77,40.11666666666667,ASICS Gel Venture 8,616.3,6,,157.0,5.015354,352.0,2407,Morning Run,0.0,Run,2023-04-24 10:54:00,40.0,Run,278.0,5.470000000000001
91,0.0,66.9,138.0,4.073577,,242.2,,527.0,Garmin Forerunner 265,3.23,49.5,ASICS Gel Venture 8,691.1,13,,172.0,5.68198,412.0,2853,Morning Run,0.0,Run,2023-04-23 10:39:16,54.0,Run,278.0,8.7
92,0.0,,130.1,,,,,315.0,Garmin Forerunner 265,,30.066666666666666,,,1,,166.0,,,1804,Morning Ride,0.0,Ride,2023-04-22 10:15:25,15.0,Ride,,
93,0.0,66.8,133.3,4.187664000000001,,251.6,,424.0,Garmin Forerunner 265,2.8,40.46666666666667,ASICS Gel Venture 8,605.7,6,,154.0,5.131678,363.0,2407,Morning Run,0.0,Run,2023-04-21 10:58:56,30.0,Run,275.0,11.5
94,0.0,65.6,136.0,4.259248,,254.8,,337.0,Garmin Forerunner 265,2.15,30.233333333333334,ASICS Gel Venture 8,462.3,3,,159.0,5.086938,334.0,1814,Lunch Run,0.0,Run,2023-04-20 11:43:28,28.0,Run,283.0,13.65
95,1.0,70.9,147.6,4.368861000000001,,,6.0,700.0,Garmin Forerunner 245 Music,4.28,59.18333333333333,ASICS Gel Venture 8,,7,ikumFdzrcOJSV}@\cB`@yAZ_BBWAw@HgCB_BVSHAjBH\A?y@FmE?sBLcGEICA{@?e@EkBEa@E_@GiBC_BMaDOc@a@mBKc@?oBOSOGw@Cs@UgEKeECeB?{ABm@LiAVeA`@oA^}@p@oAf@kAR_C@{@EkAQ_AWs@s@{Ai@yBYcAY_B[{DOeAGoA?aB@g@Dk@NiAN{@t@oCX{@fByH`@{ArA{DNo@JoABo@?o@As@U{A@CNMjCDhC?~AFrBLz@?^DbABzCRlDL~@HzCb@FH?`@[bE]hHs@xLAVNTOtBWrF]lF?v@FxAh@zBbA`DZpAd@zAx@fDbAnDf@pAJNx@bBhArBbB|D^lA\xAHl@j@pCn@xBN`@Ll@l@bCAHUTu@VOJ]Jw@^}@N[?gCY_BGiAKoBIq@I_@AY@UN}EW}@GsACM@EHE~AEnCAzCK|DGPG@mBGOEBoAHc@QMI@EFAXFXYlKI|@Y|AaAlE,172.0,5.534338000000001,,3530,Lunch Run,0.0,Run,2023-04-19 11:12:34,77.0,Run,,17.93
96,0.0,58.3,140.4,,,,,487.0,Garmin Forerunner 245 Music,,40.06666666666667,,,1,,154.0,,,2404,Night Stair-Stepper,0.0,StairStepper,2023-04-18 22:27:08,28.0,StairStepper,,
97,0.0,71.9,141.4,4.512029,,,5.0,407.0,Garmin Forerunner 245 Music,2.51,33.65,ASICS Gel Venture 8,,5,_kumFvzrcOEPAVBL@BZAXHtAL\NNK?SQSQBO?aAK_@QKIZaBb@mBFG`@Ld@VXXD@ROCUGK[C}@]MK?MViAJo@De@PiHBQDA|BNHDG`EGxABn@Rf@n@~@Rr@Jl@B`@@NGj@JTRED]IYIqAKk@O_@O_@_@g@Ua@Em@@q@BQBAbADxAJjADl@DXJG~BFp@T^ZNLBzBHHD?PU`COd@ITu@`AuCjCIR@BNBZa@z@y@FDN^RXdApAPJRE@WMQq@][]W]Oe@dBiBpAhAVf@RRRMAUIMoAcAi@k@Lk@NkADq@HW@?zCpALK@QCGSKa@EgBo@s@M_@A]GcAE]QOg@HoC@@ECkDMsCOCH?rAJ\Rb@?BA@K?WOQm@As@@c@D]As@H{CGUyBKICB}@Fm@GSQ?GTDb@?`@IjCErDGrASrA_B`H,167.0,6.236756,,2006,Morning Run,0.0,Run,2023-04-18 10:14:01,39.0,Run,,20.439999999999998
98,0.0,,115.9,,,,,235.0,Garmin Forerunner 245 Music,,30.133333333333333,,,1,,126.0,,,1808,Lunch Ride,0.0,Ride,2023-04-17 11:41:21,6.0,Ride,,
99,0.0,48.7,118.9,,,,,177.0,Garmin Forerunner 245 Music,,20.15,,,1,,134.0,,,1209,Lunch Elliptical,0.0,Elliptical,2023-04-17 11:18:44,4.0,Elliptical,,
100,0.0,68.4,140.5,4.465052,,,5.0,413.0,Garmin Forerunner 245 Music,2.6,35.0,ASICS Gel Venture 8,,4,wkumF`zrcOJBDTGR@FDLPBL?VJ~@P`@DFHJ@DG@ECQOIWFKGa@Ew@YGCAI`AwEP?RHZHTJPTNFJI?UOM[Cw@UIEII`@uBH}@@o@RaGLCxAHT@NFGtC@FXV|HXfFZd@Jh@PlChATAXF@VMNYCsAe@iBu@m@OiAMqBK_@AGDChCPf@\NxBHZBb@JrAf@d@JXP?REFWH[UmBw@E?ED[|CI`@|@p@dA|@DXOTSEg@y@w@u@UOG@INaA`AOTL\Zd@l@f@ZLLL?XOLSIo@u@a@g@e@w@eA`AEAGOzB_Cn@o@\g@Nu@P}ABg@CAwBKc@G][Qg@Am@DqBEGkDGuAIa@@CbAHl@x@rANb@Rx@HzAF\EJQFQO@aAGu@Ki@Wo@u@mAMa@?k@HwAFsEIGkBGQGAo@MFShKGh@,174.0,5.720009,,2092,Morning Run,0.0,Run,2023-04-16 10:09:26,42.0,Run,,23.04
101,0.0,70.8,145.4,4.471763,,,5.0,401.0,Garmin Forerunner 245 Music,2.5,33.666666666666664,ASICS Gel Venture 8,,5,ciumF|yrcOSHUZUR?Rf@FVFp@JZBVNLKEYEEAA]Fk@Ic@M_@O?Qh@mCVaAD?lAd@JNLHHAHKAOGQ[AICq@YSO^oBJiANoG@UFG`CLFD@NOfFAdAPn@x@nANl@Lr@Bl@E^DXP@JWIw@Ce@[wAeAmBIi@FqAPApAFhEXBB?LGpBFl@N\ZVb@DfBDJ@BF]fDSj@eBnBoBdBFLD@FCt@w@^[B@nAdB\^FDRFBAHQAMGIg@Qa@[g@m@Ma@?CbAaAb@e@PHz@t@JL`@t@PCBOCSaCqBTyAL_BDQF@b@LjAd@XPXHHUIOGEs@MgBo@e@KaAAiAK[[Ke@DgBA_@SEqBEaCKi@Ga@OEUFmECC{BGCE?u@Hk@EOAAWJCFDt@?lAKfEKbCKn@S|@Hj@|@^v@RDPEPSFe@[]Oy@]G?WxAe@rB,169.0,5.570130000000001,,2015,Morning Run,0.0,Run,2023-04-15 10:00:39,43.0,Run,,25.54
102,0.0,71.0,145.2,4.51874,,,5.0,405.0,Garmin Forerunner 245 Music,2.52,33.95,ASICS Gel Venture 8,,4,cjumF`yrcOD?DQTyANq@SCQKQC@MBMJIf@PH?^yBLsGFeAFS?e@EaAF]JELDDJIl@A~AB@vBJPFEdBEj@V|@vGXVFIrCJf@Z^PHH@XCfBHFJSzBKl@Wn@kBlB}AvAEDBLP@`AiATMDBj@`A~@jAJFRAFSEQ_A_@_@_@W_@Qg@v@}@p@o@rApAXn@TDLO?EKYcBwAWYH[^aD`@HlA`@XRZJJG@GK[u@M_@KoAe@u@IoAEe@GIEOSKa@DgCAAgH_@Y@AhAHh@n@bATj@XtAD~@H\ETU@MSD_@A_@Gg@Mm@[{@q@kAGOEWH_AEK?OD[D_B@oACg@eCMAGDq@Hw@QMOL?PFh@KxFKxCIr@SlABd@BDx@Z^FTL?^WJQQ]Ss@[EA}@xEBB|@Xf@DN?LERN?\ABODWMcAMa@Ma@KSKAG?MHU,168.0,5.831859000000001,,2011,Morning Run,0.0,Run,2023-04-14 10:58:38,41.0,Run,,28.06
103,0.0,68.3,146.3,4.431497,,,5.0,422.0,Garmin Forerunner 245 Music,2.56,35.1,ASICS Gel Venture 8,,6,{jumFxzrcOBFDCf@iCJaA?Eg@SCIFMF?HFN@ZH?g@R_BHcELyB?YDk@BiAESB[RGH@FFBZG\ChA@TdCH@FMbG?t@Ld@b@l@Vf@Pn@Hj@Br@Ih@@HDDR?HUW{BIY[cAo@eAMk@@o@Hc@hBDhBPtAFDD@HI~A@p@Rj@^X|BNZFKpASxAUl@aBfBmBfBCHBBJFDCf@i@l@i@DBd@t@VZt@t@TDLUKWg@OWUWUYc@MYT_@d@a@j@m@F@x@n@\^Nh@HHTADWKSqBgBGMJo@PwBFUHAzAf@~@d@RKCUGEKCc@EiBq@e@I_COe@MOWG[?wAJu@x@BhALd@?bAH|ChA\Pz@ZPQEYUCY@wBy@mAa@}@MyDQECi@Ao@GuAEKCkBEUECEAWBwCy@GiBGSTEnEEhAGh@m@xCSj@QlAUx@,172.0,6.015293000000001,,2083,Morning Run,0.0,Run,2023-04-13 10:06:49,43.0,Run,,30.62
104,0.0,70.4,146.1,4.243589,,,6.0,671.0,Garmin Forerunner 245 Music,4.13,58.55,ASICS Gel Venture 8,,6,akumFryrcOJV\_BV}A\oAPaALwBJsDAWH_@RKLAf@@nAHb@e@HeECiCD_BLgDLO~@BxANb@An@FrBDh@Fn@@xBP^FhDRr@@lBJd@C^Qv@QFGXIx@G?MGe@FGHSq@uBGUE]m@cBqAmGM[O{@Y}@[w@u@aBgC_Fg@eAQq@[w@AQe@}AIM[uAaB{FoAeFKa@Go@C{ABe@Fg@@{A^uFPsDf@yF?i@KY?e@b@mJ`@uG?o@IGa@C}C[QAUHIE[GwBGc@GwJc@_@?aBIgD?iAIM?IFALPpAFrAG`BG\Kl@]hA[|@y@lCKf@Uv@YpAk@|BWpA_@nAi@vBSjAGt@ErADzALzAf@jEh@vCL`@VfA\bAp@~ARz@Fb@Bj@C~@OzAG^Mf@e@x@Id@q@vAc@pAOj@Oz@KdB?vADjAApBDf@NvDF|@V`CLd@t@@n@AxADvAHJLNCBGp@Fd@?fBN`ETTBRNAZGl@SlAUnBYpA_@hASfAIx@Kd@AZHh@?f@CjAK|B?h@KvB?h@HRFD^Bd@JLFG^GPQfAQt@,175.0,5.18984,,3508,Morning Run,0.0,Run,2023-04-12 10:05:36,73.0,Run,,34.75
105,0.0,,135.3,,,,,236.0,Garmin Forerunner 245 Music,,20.116666666666667,,,1,,143.0,,,1207,Night Ride,0.0,Ride,2023-04-11 22:34:01,11.0,Ride,,
106,0.0,47.2,119.4,,,,,24.0,Garmin Forerunner 245 Music,,2.5166666666666666,,,1,,133.0,,,151,Night Elliptical,0.0,Elliptical,2023-04-11 22:29:59,,Elliptical,,
107,0.0,69.0,145.2,4.359913000000001,,,5.0,471.0,Garmin Forerunner 245 Music,2.88,39.766666666666666,ASICS Gel Venture 8,,5,alumFtyrcONb@EILKD@Hc@ZeAXoA?Oo@M{@Ey@IS?C\@fAI|@ShAWjB?ZGNKBMGGEB_@J_@p@uEBuAEk@HURAXLd@DDA@GF_FH_BBGHILe@HyCDi@RyAdAuDBg@Ji@XcCLa@j@@jDT~@@z@JxCNvDJpD^vBHpBDPDX@z@AbAc@n@St@IEDq@JSLwAf@QBs@@iGY_@?uDa@uACa@EoBKg@GwDGa@Iw@GcBKIBe@bFSz@y@vCUhBElAIb@I|AGLGdACh@AnBGlBE@a@Cc@MU?GTFf@ExAQzAc@hCKVFVN?LSA[JaA`@qCFo@BuA@AT?vBL^Hd@PZRt@VZXPAFYMQ[AqAe@^iBNsA@m@PkFHO|BHkBC]?AB@t@W`AC`@@n@KzBMn@W~@QhAO\o@~CCDIA,171.0,7.762390000000001,,2377,Lunch Run,0.0,Run,2023-04-11 11:12:49,53.0,Run,,37.63
108,0.0,67.9,141.7,,,,,380.0,Garmin Forerunner 245 Music,,30.05,,,1,,166.0,,,1803,Lunch Stair-Stepper,0.0,StairStepper,2023-04-10 11:07:33,27.0,StairStepper,,
109,0.0,74.2,159.2,4.968377,,,5.0,350.0,Garmin Forerunner 245 Music,2.05,25.016666666666666,ASICS Gel Venture 8,,4,wiumFh{qcOCFh@qBRiAFy@Nw@PqADCx@@tBLTDlBFbDVBB?VAbBJZXD\Mb@qAHw@FApBJlAJVFBF?zADT`@d@XRHI@KBq@JuAIEcAE{@IsDSE@CF?p@CLQZc@Nc@?QQEe@@mAMCk@?sAEqAM]DMtG?tBCdBWdIDBx@?dDR`BB|BNJDVBXCl@Hd@H`@RbC~@|@FBVQR[CcBi@_@Q_A]oAUiAEg@GgAG{EO{AMMCSi@C[DgCAg@c@CsAAMC?_AJg@AMEKOCIRBb@?^G|EM`DGr@?VGXKHKv@On@,170.0,6.2636,,1487,Afternoon Run,0.0,Run,2023-04-09 13:12:29,47.0,Run,,39.68
110,0.0,,120.1,,,,,268.0,Garmin Forerunner 245 Music,,30.1,,,1,,140.0,,,1806,Morning Ride,0.0,Ride,2023-04-08 10:39:11,7.0,Ride,,
111,0.0,66.6,140.6,4.196612,,,,482.0,Garmin Forerunner 245 Music,2.8,40.0,ASICS Gel Venture 8,,5,,162.0,4.89903,,2400,Lunch Run,0.0,Run,2023-04-07 11:16:48,43.0,Run,,42.48
112,0.0,,125.1,,,,,157.0,Garmin Forerunner 245 Music,,15.166666666666666,,,1,,138.0,,,910,Afternoon Ride,0.0,Ride,2023-04-06 13:21:56,4.0,Ride,,
113,0.0,,135.8,,,,,304.0,Garmin Forerunner 245 Music,,25.1,,,1,,162.0,,,1506,Lunch Stair-Stepper,0.0,StairStepper,2023-04-06 12:54:28,15.0,StairStepper,,
114,0.0,73.5,155.6,4.512029,,,5.0,406.0,Garmin Forerunner 245 Music,2.36,31.483333333333334,ASICS Gel Venture 8,,5,{jumF|yrcOL[n@gDXQJOLg@TsAP}HFWrBFTDBFG`FEv@?`@Pj@FFH@NC?GOSOi@Ac@@m@KSGWFkDAu@NgEAmBDiB?oAF_B@IJE|BDhCPjABxAJb@@vBRpEVbCDx@ATCf@M^S\M|@QHIEc@PE?Ci@yASw@CWq@}Bs@yCOa@Ie@NWh@M`@OROHKPs@Hk@?YB??HCd@Ml@Uj@[Ta@NYTGLnB~HXrAf@dBBJEJYRmAl@aA\w@Lw@BiBU_AGqAO{EWm@AmBMEE?MLoB?e@E[R_EBFGrAAt@M|BKrAGTcESQLGNE?QLK~FAtCKhEE@[?,173.0,6.089114,,1884,Lunch Run,0.0,Run,2023-04-05 12:10:55,54.0,Run,,44.839999999999996
115,0.0,,114.5,,,,,163.0,Garmin Forerunner 245 Music,,20.083333333333332,,,1,,122.0,,,1205,Night Ride,0.0,Ride,2023-04-04 22:57:33,4.0,Ride,,
116,0.0,52.2,126.7,,,,,133.0,Garmin Forerunner 245 Music,,12.15,,,1,,145.0,,,729,Night Elliptical,0.0,Elliptical,2023-04-04 22:43:43,3.0,Elliptical,,
117,0.0,69.0,133.6,4.344254,,,,426.0,Garmin Forerunner 245 Music,2.61,36.0,ASICS Gel Venture 8,,5,,154.0,4.784943,,2160,Lunch Run,0.0,Run,2023-04-04 11:12:48,28.0,Run,,47.45
118,0.0,70.5,148.2,4.592561,,,5.0,443.0,Garmin Forerunner 245 Music,2.58,34.016666666666666,ASICS Gel Venture 8,,14,mkumFdsrcOa@GoAAG~BUjBUpACZ?VIPEDSEK]Pi@n@{DF_BCq@D[BCP@ZHxBNx@XBCd@oC@YRwJ?w@DMTILRGv@CrAp@FnABDFMjG@n@Ph@t@lARr@Hj@Dn@Gj@BLDDN?BADWIk@Gy@CSWaA]u@a@q@Ke@BiABKBAfFXbAJ@XEpBJn@Z`@d@JdCHRFf@TdA^ZRVJJK@MCOSKc@Ie@Mm@YYEKv@WjCQb@]h@_@b@oBlBa@TMMLS\[z@aAz@y@\c@L]Fc@XmCH?`@RjAb@l@^VFJSMYeAUsAi@w@KoBKGAWQQ_@Aa@BsB{@IMQQMgDMaAKOWBsDEI{BGGE@q@Hi@CYMKGBIVH`AGnCI|AEtBEp@In@]|AE?e@S_@EmBK[MM?KT@DNFz@Dr@AZBNDP?`@PAd@Mt@UpAIX,167.0,6.149513000000001,,2025,Lunch Run,0.0,Run,2023-04-03 11:24:22,45.0,Run,,50.03
119,0.0,,131.8,,,,,340.0,Garmin Forerunner 245 Music,,30.15,,,1,,144.0,,,1809,Lunch Ride,0.0,Ride,2023-04-01 11:46:54,15.0,Ride,,
120,0.0,69.5,139.8,4.520977,,,,115.0,Garmin Forerunner 245 Music,0.68,9.0,ASICS Gel Venture 8,,3,,164.0,5.4739390000000006,,540,Lunch Run,0.0,Run,2023-04-01 11:35:53,9.0,Run,,50.71
121,0.0,52.3,143.2,,,,,398.0,Garmin Forerunner 245 Music,,30.15,,,1,,167.0,,,1809,Lunch Elliptical,0.0,Elliptical,2023-03-31 11:38:33,26.0,Elliptical,,
122,0.0,53.4,137.1,,,,,248.0,Garmin Forerunner 245 Music,,20.1,,,1,,163.0,,,1206,Afternoon Elliptical,0.0,Elliptical,2023-03-30 14:05:27,11.0,Elliptical,,
123,0.0,76.5,170.3,5.487361,,,,253.0,Garmin Forerunner 245 Music,1.4,15.333333333333334,ASICS Gel Venture 8,,2,,176.0,5.845281,,920,Afternoon Run,0.0,Run,2023-03-30 13:47:46,45.0,Run,,52.11
124,0.0,72.5,148.5,4.733492,,,,452.0,Garmin Forerunner 245 Music,2.54,32.166666666666664,ASICS Gel Venture 8,,3,,159.0,5.185366,,1930,Afternoon Run,0.0,Run,2023-03-29 14:42:27,43.0,Run,,54.65
125,0.0,,136.0,,,,,303.0,Garmin Forerunner 245 Music,,25.166666666666668,,,1,,148.0,,,1510,Night Ride,0.0,Ride,2023-03-28 22:46:44,13.0,Ride,,
126,0.0,74.8,159.9,5.2905050000000005,,,,386.0,Garmin Forerunner 245 Music,2.22,25.166666666666668,ASICS Gel Venture 8,,3,,170.0,5.798304000000001,,1510,Night Run,0.0,Run,2023-03-28 22:18:59,53.0,Run,,56.87
127,0.0,,128.2,,,,,319.0,Garmin Forerunner 245 Music,,30.05,,,1,,170.0,,,1803,Lunch Ride,0.0,Ride,2023-03-27 11:44:21,16.0,Ride,,
128,0.0,73.0,150.4,4.617168,,,,431.0,Garmin Forerunner 245 Music,2.31,30.066666666666666,ASICS Gel Venture 8,,3,,164.0,5.167470000000001,,1804,Afternoon Run,0.0,Run,2023-03-25 13:28:32,42.0,Run,,59.18
129,0.0,49.1,122.6,,,,,42.0,Garmin Forerunner 245 Music,,4.033333333333333,,,1,,128.0,,,242,Lunch Elliptical,0.0,Elliptical,2023-03-24 12:20:52,,Elliptical,,
130,0.0,,109.2,,,,,149.0,Garmin Forerunner 245 Music,,20.216666666666665,,,1,,122.0,,,1213,Lunch Ride,0.0,Ride,2023-03-24 11:58:07,3.0,Ride,,
131,0.0,73.7,145.0,4.259248,,,,84.0,Garmin Forerunner 245 Music,0.45,6.316666666666666,ASICS Gel Venture 8,,1,,164.0,4.670856000000001,,379,Afternoon Run,0.0,Run,2023-03-22 14:07:14,6.0,Run,,59.63
132,0.0,26.9,134.2,,,,,72.0,Garmin Forerunner 245 Music,,5.833333333333333,,,1,,143.0,,,350,Afternoon Row,0.0,Rowing,2023-03-22 13:59:28,3.0,Rowing,,
133,0.0,62.0,139.1,,,,,190.0,Garmin Forerunner 245 Music,,14.8,,,1,,161.0,,,888,Afternoon Stair-Stepper,0.0,StairStepper,2023-03-22 13:42:30,12.0,StairStepper,,
134,0.0,72.0,152.7,4.796128,,,,212.0,Garmin Forerunner 245 Music,1.21,15.166666666666666,ASICS Gel Venture 8,,3,,178.0,6.022004000000001,,910,Afternoon Run,0.0,Run,2023-03-22 13:24:48,28.0,Run,,60.839999999999996
135,0.0,74.3,153.6,5.127204,,,4.0,295.0,Garmin Forerunner 245 Music,1.75,20.9,ASICS Gel Venture 8,,4,_mumFpyrcOt@d@D@@C@@TwAT}@Ly@BA`@BNLv@ZXVJ?DEFKGUm@Kw@[ECCIPcALe@Hk@@yAL{EDWFCtBHNBBJAp@OhFB`@Tp@b@r@D@DCDQc@q@Ue@Ci@Bk@@OFEdDRvCJd@DpCJ`@Bh@LhBv@`Bj@ZFLOE[SC]?gDkAa@Mc@GeCKa@AwCSqESEM?e@BiBDcA?]AAQDG\KB{AE_@G?k@Hq@C[SGKRFf@?l@U~JKz@]tADHl@Nj@V`@FJTITQBWU}@]aAe@c@Kx@T@BANOf@g@jCIVIK,171.0,12.818010000000001,,1228,Lunch Run,0.0,Run,2023-03-21 11:35:47,35.0,Run,,62.589999999999996
136,0.0,73.0,152.3,4.829683,,,,471.0,Garmin Forerunner 245 Music,2.71,33.61666666666667,ASICS Gel Venture 8,,5,,168.0,5.507494,,2017,Night Run,0.0,Run,2023-03-19 21:15:31,52.0,Run,,65.3
137,0.0,,114.0,,,,,172.0,Garmin Forerunner 245 Music,,20.033333333333335,,,1,,148.0,,,1202,Lunch Ride,0.0,Ride,2023-03-18 11:31:38,5.0,Ride,,
138,0.0,73.0,144.9,4.628353,,,,476.0,Garmin Forerunner 245 Music,2.72,35.233333333333334,ASICS Gel Venture 8,,5,,157.0,5.447095,,2114,Afternoon Run,0.0,Run,2023-03-16 13:13:22,44.0,Run,,68.02
139,0.0,72.6,148.1,4.811787,,,,383.0,Garmin Forerunner 245 Music,2.21,27.566666666666666,ASICS Gel Venture 8,,4,,161.0,5.639477,,1654,Lunch Run,0.0,Run,2023-03-14 11:44:14,38.0,Run,,70.23
140,0.0,73.7,156.6,5.026539,,,,478.0,Garmin Forerunner 245 Music,2.66,31.766666666666666,ASICS Gel Venture 8,,5,,168.0,5.878836000000001,,1906,Night Run,0.0,Run,2023-03-12 21:16:46,56.0,Run,,72.89
141,0.0,72.5,150.6,4.791654,,,,392.0,Garmin Forerunner 245 Music,2.21,27.683333333333334,ASICS Gel Venture 8,,4,,164.0,5.485124,,1661,Lunch Run,0.0,Run,2023-03-10 12:19:35,41.0,Run,,75.1
142,0.0,74.5,155.6,5.0645679999999995,,,,567.0,Garmin Forerunner 245 Music,3.24,38.36666666666667,ASICS Gel Venture 8,,5,,168.0,5.809489,,2302,Lunch Run,0.0,Run,2023-03-09 12:41:50,65.0,Run,,78.34
143,0.0,75.4,156.4,4.912452000000001,,,,814.0,Garmin Forerunner 245 Music,4.43,54.13333333333333,ASICS Gel Venture 8,,5,,164.0,5.565656000000001,,3248,Afternoon Run,0.0,Run,2023-03-08 13:20:42,95.0,Run,,82.77
144,0.0,74.7,157.2,5.118256,,,4.0,304.0,Garmin Forerunner 245 Music,1.77,20.883333333333333,ASICS Gel Venture 8,,4,_kumFryrcOIMCKFY\u@H_@h@iCL_AHcGHoBHo@Km@JYVGVb@IjBhB@H@RH@zAEz@?vACzADf@p@dAH@DG@Ms@_AIQAk@Bo@BMFCf@AvBJ`CTFDD\ElBFl@V\pCVBXVOKnASzAM`@S\sA`Bw@v@o@h@DCPa@~AkB`AeAFKNa@Lk@P}A@i@CAy@D_BC_@WGKMi@Ae@JiB?SECwA?yBIk@Ge@?AXBt@Jj@n@`A?BKJKIaAaBCk@F_B?qAHiBCWGCqBCGGCg@HkAEGQEIPJt@?fBGdBC|CCr@Gf@i@jC,175.0,7.9681939999999996,,1242,Lunch Run,0.0,Run,2023-03-07 11:09:59,41.0,Run,,84.54
145,0.0,,128.1,,,,,323.0,Garmin Forerunner 245 Music,,30.083333333333332,,,1,,158.0,,,1805,Lunch Ride,0.0,Ride,2023-03-06 11:34:28,13.0,Ride,,
146,0.0,27.7,123.0,,,,,57.0,Garmin Forerunner 245 Music,,5.383333333333334,,,1,,136.0,,,323,Lunch Row,0.0,Rowing,2023-03-06 11:26:39,1.0,Rowing,,
147,0.0,75.0,157.3,4.961666,,,5.0,387.0,Garmin Forerunner 245 Music,2.28,27.533333333333335,ASICS Gel Venture 8,,4,qkumFlzrcOJBHMp@kDDYg@Sc@?YCsAGEHGbCo@hECh@SLQUB_@Lc@l@cEDeAByATEXH~BNf@PRF@AJa@T_BB]BkBRqHEc@HOJGFBJVE^ClAvABp@C@mBBk@XU?sCBwAJkDJ_@|@@dAHfHZjDZtAHdCHA@QDe@@o@CuBMkBUoCIwDUm@@{AM]@OtGBpBMtEEj@ChBC`ABD`C@dBFHDLXj@FBHIjCFABQHa@BgAG]WQeAAyAEcCSACDsD_A?uAEYDI^GxDGzAEb@c@rBE\a@xA,172.0,6.2770220000000005,,1652,Lunch Run,0.0,Run,2023-03-05 12:44:42,52.0,Run,,86.82
148,0.0,47.9,119.2,,,,,58.0,Garmin Forerunner 245 Music,,5.933333333333334,,,1,,128.0,,,356,Lunch Elliptical,0.0,Elliptical,2023-03-04 12:30:26,1.0,Elliptical,,
149,0.0,,124.8,,,,,297.0,Garmin Forerunner 245 Music,,30.25,,,1,,134.0,,,1815,Lunch Ride,0.0,Ride,2023-03-04 11:58:09,7.0,Ride,,
150,0.0,72.6,154.6,4.6686190000000005,,,,323.0,Garmin Forerunner 245 Music,1.73,22.166666666666668,ASICS Gel Venture 8,,4,,173.0,5.415776999999999,,1330,Lunch Run,0.0,Run,2023-03-03 12:03:27,37.0,Run,,88.55
151,0.0,76.6,164.4,5.2927420000000005,,,5.0,529.0,Garmin Forerunner 245 Music,3.09,35.016666666666666,ASICS Gel Venture 8,,4,{~umFvkqcOc@cGAoAKuCDgA?q@EaCDk@Na@^eBNc@jAeC\eATgAHiAIaCSyAIa@i@yAUu@eAmECi@s@qGCe@?_DDm@Hi@f@iCjB_Hh@aCnBmGb@iANwADqA?qASeBVhAHz@@p@G|AGd@Kl@_BdFMj@Yz@Mr@m@tBc@nBu@bCa@`BQ|AK|CC[AyABq@VsB^eAP}@n@}B^aBX{Ap@}B`B_FXyAJ}A?q@Ak@Eg@Ic@C_@XMj@Dj@?LBwACS@KXRtABhA?|@QbBIf@Sj@c@fAaAfDyAjGeBjGSxAIpACr@BdB^tDd@tD`AxDRf@Pj@N\`@nAN|@@x@ChAWrBQd@i@lAWr@k@pAW|@a@pBC`@@rAH|GRlERlC,179.0,6.547699000000001,,2101,Lunch Run,0.0,Run,2023-03-01 11:50:10,83.0,Run,,91.64
152,0.0,75.9,158.4,4.937059,,,,189.0,Garmin Forerunner 245 Music,1.0,12.183333333333334,ASICS Gel Venture 8,,1,,167.0,5.149574,,731,Lunch Run,0.0,Run,2023-02-28 11:53:07,22.0,Run,,92.64
153,0.0,74.1,146.2,4.328595,,,,196.0,Garmin Forerunner 245 Music,1.0,13.866666666666667,ASICS Gel Venture 8,,1,,157.0,4.538873,,832,Lunch Run,0.0,Run,2023-02-28 11:36:34,16.0,Run,,93.64
154,0.0,74.0,152.0,4.83192,,,5.0,382.0,Garmin Forerunner 245 Music,2.23,27.733333333333334,ASICS Gel Venture 8,,4,}kumFb{rcORRP@XNPBRJLDc@E[IU?MCEEAYLMPo@dAaGV{@Fm@JoBNyHCIFa@FEJARNE`Cz@E~AHBCD_F?wBDeDF_BFOb@CxADp@Jd@?h@FrCPvABrAJ^FnALfCFCD_AByBIqD]iAE_CO}@CEA@A~@ABBBF?JCjBLRb@@LCBE\cANw@DGnA@vFd@rAJb@@sABm@AeBKyBUcBGGPILEp@Kh@SFc@DYK?ECm@@{ACAcFUUHArAIpC@nCShFE@uBEm@ECMBm@Hy@OOOJ?ZBd@M|FGjB@`@Gj@SdAKRQnAGN,168.0,6.373213000000001,,1658,Morning Run,0.0,Run,2023-02-27 09:50:14,42.0,Run,,95.87
155,0.0,75.6,157.5,5.017591,,,4.0,308.0,Garmin Forerunner 245 Music,1.78,21.25,ASICS Gel Venture 8,,4,sjumFbyrcOB[XmAJc@HQJAZNz@XXZTAHUKQa@CqAg@j@iCDm@FeBEi@D_CD]@C|B?XB@DSlHFl@R^@MI[@oBHI^?d@DHC?Io@Oc@EACDyDDg@HcECwBL}C?uABg@DELCjB@d@@jBLDPGfBHd@\B\IRcAVaAzADxD^xCLVAiAFqAGcAGk@IaBM}AGIp@Ct@ENGB]@g@COQGi@?oAoFUKHK`G?bCCn@C\EHYPA|ACTEB}AOe@?WJGlD,170.0,6.207675,,1275,Lunch Run,0.0,Run,2023-02-25 12:02:56,40.0,Run,,97.65
156,0.0,69.5,146.1,4.22793,,,6.0,535.0,Garmin Forerunner 245 Music,3.25,46.333333333333336,ASICS Gel Venture 8,,5,ojumFlzrcOg@V@TBHDDd@@r@RdBPFUQM_@FS?c@Gg@MUMEID[Lk@f@mCPMpAd@ZVPECWQIW@_@Ec@SIKf@oCToIBMFApAFt@LIbFD@HKLiFLsBDcBBKCg@?iBLqD@mAPOlADb@F`BDb@FfAF~CJlFd@`BBc@BiAE[@wHi@oDS_@Gq@?yAOk@Au@GiBGy@A_AKwBGU@EpA@tALZEjAA|@Gt@WFQQCS?qB@IXeALaC?i@Fe@EC}@@iBEcAKWAKKQWLoBBU?WD}@c@CQFI@GAGIIUFUNa@FKNI@HEd@?L`AH?DOj@MzAEdAAn@PRLB`@BzCLf@?lEV`BDbCPV?l@JvABF@?HIZSBoAEYDIbD?^Cb@?vBIdEGtAIdEG`AE?GEGUHsFCUk@CwAEAE@cAJg@CGOGC?KLDt@E~ACzA@JEp@GvBG~@a@vB?Ft@\n@TP@NL@JALQNSIOMmAa@CDQdAYjAKRQ@,168.0,6.1853050000000005,,2765,Afternoon Run,0.0,Run,2023-02-23 14:13:31,47.0,Run,,100.9
157,0.0,75.5,157.6,4.825209,,,5.0,393.0,Garmin Forerunner 245 Music,2.3,28.716666666666665,ASICS Gel Venture 8,,3,ikumFv{rcOHLRAHHp@Rp@DZNN?DE?IEKOI]Da@G]Ia@OMI?Gx@yDL]pAd@FA@EUWi@OSMj@kDB}BFk@@o@?y@Bg@BEf@?`@JbAF@BCzBEb@IjCFZD?BAFO?sA@SBAxAJbEJ~@LvADjBNbATlCfAt@TRI@UQOUH[CaAYkBu@oAWsIi@{BIk@G?_C@QFe@`CNhCLb@CTa@BoBF]?GKMU@_B]YOMSSF?VBDLF^DfBf@JHIjCCDG?{@MiKg@AG?k@Hw@EUMCKLANDl@IzFMdDY`BOt@a@Qa@Me@CGECm@LmFD_@Ae@GDKRIfFTv@Cb@BDl@Fb@LTN@DaAhEO`@,169.0,6.055559,,1714,Lunch Run,0.0,Run,2023-02-22 12:31:00,51.0,Run,,103.2
158,0.0,72.6,157.5,4.570191,,,4.0,303.0,Garmin Forerunner 245 Music,1.68,23.283333333333335,ASICS Gel Venture 8,,2,gkumFv{rcO@FBDVDd@P\Hj@DZLPCBSGMICO@IB{@Eu@WMI?C@URk@Ls@Ru@XeB\_BJo@LcGDg@DSFA\DzAHZKP[AyAHuB?s@EwAJ}CAm@@m@LQnBNzBFxCPf@?lBPrBLl@HxBDe@JM?m@Ei@@_@Go@AuASiCSgAGq@?a@EeEO_@@KvG@nBMnEGNK?qBIUCMECUHaBCCSGCDCFDv@ArAK~GEn@q@lDQb@c@|BQl@GJEC,172.0,6.921278,,1322,Evening Run,0.0,Run,2023-02-21 18:47:36,39.0,Run,,104.88
159,0.0,75.6,150.2,4.758099,,,1.0,82.0,Garmin Forerunner 245 Music,0.46,5.816666666666666,ASICS Gel Venture 8,,1,cwtmF~orcOB?DkBQ_@WEoBEkBK{@CGOBcABs@?USc@mCGUVAP?rAG|DE`@Ih@_B|GQb@IC,164.0,5.464991,,349,Lunch Run,0.0,Run,2023-02-21 11:46:06,7.0,Run,,105.34
160,4.0,73.7,160.3,5.3688,,,4.0,210.0,Garmin Forerunner 245 Music,1.25,14.183333333333334,ASICS Gel Venture 8,,3,mgumFv}rcOGa@`@NZD@UYOOFWBi@Ek@WOOLo@ZgBVaAHAH@pAh@LLRDDI?EQWY?QEaA]EIAId@sCJqBDS@s@Js@JwAFCfCDHJ?z@Ct@?`CGl@Bn@L^VZVb@Tl@NvACp@DXNBLQMeAGk@UcAQe@u@kAIg@@m@Je@z@?bBHrBL\J@`@GlBNp@ZTf@J|@Df@@PD@DYlCWbAY`@[`@c@\Y`@k@j@EJBBHBFEl@_AvAoATWRk@L_A,179.0,7.892136000000001,,841,Lunch Run,4.0,Run,2023-02-21 11:29:14,27.0,Run,,106.59
161,0.0,75.8,152.2,4.7938909999999995,,,5.0,413.0,Garmin Forerunner 245 Music,2.44,30.55,ASICS Gel Venture 8,,4,_kumFvyrcOn@eDTaAJ_ADOTcDPs@LoCBeBAm@BOHIR@F`@Ej@Cz@xAEl@@FcDAmELwEZKDONOdCNnB@DD@POtADh@LJ\GJ_@TkAPYBAt@Dj@F^BtBPrEVFBoAD_AC}@K_@AeAMwAKy@ECDK`@U`BWF_@AWME_@BeBCM{BE_BKs@FUO{@CkAKW?S@u@hGIVKf@e@vAKd@In@Cf@EhDI^MTE`@UzGDF`AD`@F\LBAL{@Lg@Ju@JyGJ}BC_@@]PINLGvBbCJ@@Bt@IzDGdA@l@CWHyEFaBMSoBEME@{@De@EYU?ETF^An@MfHIhBiBlIIRC?,172.0,6.688630000000001,,1833,Lunch Run,0.0,Run,2023-02-20 11:45:44,45.0,Run,,109.03
162,1.0,75.5,156.6,5.2032620000000005,,,5.0,378.0,Garmin Forerunner 245 Music,2.25,26.316666666666666,ASICS Gel Venture 8,,4,cbvmFpiqcO^OFSf@U?gAEs@BW?a@IsA@a@GgC?_CFcA^wBRo@p@cBt@}ARg@Pq@Lo@F{A?_@EcAKe@K_@u@cBe@yAu@}COc@Ge@QoC]eDAw@J{C^eChBiH|@aElAaE~@iCPyABm@CgBEo@Ke@BWBCVA`ABYBo@EQNB^Ln@FnBMrB_@|ASl@Uj@kAbE{A`H_@rAa@hA_@vAQdBEpBFrBd@xEj@fD`@~AnApDRr@Hd@Fx@CbBKhAa@bBa@v@mAzCg@vBI|@Aj@?bADjBBrDJ`CPpBHpAKeA,173.0,16.898298,,1554,Lunch Run,0.0,Run,2023-02-19 11:29:41,48.0,Run,,111.28
163,0.0,75.4,145.7,4.062392,,,,173.0,Garmin Forerunner 245 Music,0.83,12.216666666666667,ASICS Gel Venture 8,,1,,160.0,4.335306,,733,Lunch Run,0.0,Run,2023-02-18 12:03:52,15.0,Run,,112.11
164,0.0,69.6,123.9,3.438269,,,,30.0,Garmin Forerunner 245 Music,0.16,2.8666666666666667,ASICS Gel Venture 8,,1,,142.0,4.127265,,172,Lunch Run,0.0,Run,2023-02-18 11:59:13,,Run,,112.27
165,0.0,,119.3,,,,,211.0,Garmin Forerunner 245 Music,,23.083333333333332,,,1,,134.0,,,1385,Lunch Ride,0.0,Ride,2023-02-18 11:33:31,5.0,Ride,,
166,0.0,,121.5,,,,,199.0,Garmin Forerunner 245 Music,,20.216666666666665,,,1,,130.0,,,1213,Lunch Ride,0.0,Ride,2023-02-17 12:20:03,4.0,Ride,,
167,0.0,74.9,153.6,6.491774,,,,372.0,Garmin Forerunner 245 Music,2.12,24.55,ASICS Gel Venture 8,,4,,170.0,4.628353,,1173,Lunch Run,0.0,Run,2023-02-17 11:51:42,40.0,Run,,114.39
168,0.0,24.7,124.2,,,,,111.0,Garmin Forerunner 245 Music,,10.233333333333333,,,1,,136.0,,,614,Lunch Row,0.0,Rowing,2023-02-17 11:37:51,2.0,Rowing,,
169,0.0,,117.4,,,,,109.0,Garmin Forerunner 245 Music,,11.616666666666667,,,1,,126.0,,,697,Lunch Ride,0.0,Ride,2023-02-16 12:58:07,2.0,Ride,,
170,0.0,27.3,134.5,,,,,129.0,Garmin Forerunner 245 Music,,10.116666666666667,,,1,,146.0,,,607,Lunch Row,0.0,Rowing,2023-02-16 12:42:39,5.0,Rowing,,
171,1.0,76.6,157.7,4.98851,,,5.0,486.0,Garmin Forerunner 245 Music,2.77,33.35,ASICS Gel Venture 8,,5,alumFvzrcOBPNTPJd@B\Jp@DRFNJJAHKAKEEKGK?QHu@Ge@QYQl@{B\qBp@mCDs@HsD?s@@q@JUvA@`@DLD@HErBAdBDXL@EoAHqDFm@@s@FaE@cCJuEHOXBn@?d@@`@?dAHbAB`FX`BXjABlAJbAAn@H|@B`@Ab@M|@c@d@Ml@GDGIQGGE@_@Z{@^[TuAVw@Ca@OqFe@cCGcDSc@EWKuBK]@eAEk@GoE[c@AcDSS@CFD\C|AStC?r@CnADDHADI?oBBk@?a@EQ?OFoCDKFCd@@n@FpBF@H_@fDWzAWxAo@pBOrAEjCEj@Kf@IhAKnFCVm@C]OG?GDEPD^G`BLFFCBeBBQBAbBBbAJTLHC@[\gBHm@DoCJaBFUB?JJB~@QlEEl@s@hD,173.0,9.578834,,1996,Lunch Run,0.0,Run,2023-02-15 11:54:08,61.0,Run,,117.16
172,0.0,75.9,158.1,4.925874,,,4.0,302.0,Garmin Forerunner 245 Music,1.77,21.55,ASICS Gel Venture 8,,4,_kumFvxrcOFANYz@oDFe@Nq@HwADwA@cBJyDEa@L[T@HXG`@?jAbAC|@F@BDj@GxC?`@BFrDJl@HZ?p@JLABGCKGEgBCsDUQEAKNmE@iAFmB@_DJoFHi@Z?b@@fEXDTCd@EL?HB@`@a@`@QXWPAjBNZ?BGCIQCg@@e@GeBIi@Ga@IiBKe@?a@DMT[AOFCHAdDEdB?jBI|B?JEvASNIXErCGhA?d@Dd@PDBEE_AAq@LaEGGmACaAEKBDdAGbFARUjA,170.0,6.549936,,1293,Lunch Run,0.0,Run,2023-02-14 11:25:30,39.0,Run,,118.92999999999999
173,4.0,77.1,157.8,5.373274,,,4.0,230.0,Garmin Forerunner 245 Music,1.3,14.55,ASICS Gel Venture 8,,4,{jumFvyrcOLs@XmA`@qBJYTqADo@AmDN}C@q@Ge@LYJENBDFBTGn@Ar@@NVGf@Cj@DXR@^Al@QlD?`AFl@T\RG@CEG]YIe@H_ABIFAp@B`@HXCb@AhBNv@B?t@C`AAoAG_@CA{CIsAIi@GI@A~@Fl@T\@RGBSIWYMk@VgG?k@}BGMI?sAHc@Ea@OCKVFfAAr@SbIG`Am@bDMb@]~AGTW^CW,174.0,7.637118000000001,,870,Lunch Run,2.0,Run,2023-02-12 11:56:56,27.0,Run,,120.23
174,3.0,77.2,161.3,5.147337,,,6.0,645.0,Garmin Forerunner 245 Music,3.67,43.65,ASICS Gel Venture 8,,5,ojumFnxrcOPUD_@Ng@Dc@l@aCF]HqABgBBcADg@?c@NSNIr@@`AFTHMvHHd@h@x@LJJUc@m@OYCGCg@DcAFC\AlBNbABdAHD@NRGtBDr@RZ`@RlAD^Bb@HSxBMt@CH}AfBSXAD?TFV`@t@VVB?VGAE_@][a@MS?SfBeB`Ar@X`@Zt@NCFWCOGG_BsAY[Jy@PiBHa@HA~@Z`A`@NLR?@ABYSOm@EyBw@aACcBOYYMi@@q@DeBAOkFMyAMOQA_@FeCCASA{AEWB?B?p@KbGMfAK^Q`A|@Xh@JJVERUDSS}B_A]K}BOS@Av@I^OTA?B}AEc@FYPG^HnCRXNPCZsBDi@FoEFuA?wCBIPIRPIpB@`@b@FRAz@DPFCpCIfC?VLf@XTLEMWOm@?s@Ba@BCXAh@BdF^DLE`B?l@Hb@XXXL^B~@@b@BFD?T[bCOn@SZuAvAMRQJQTMFa@d@KLBXD?PSn@w@jCmCZk@Hg@PuBH_@B?bBh@v@d@POEWQI]CeCy@u@EoAEa@IUUKYBqCEC{@EsAEyCQQE?o@Dy@@eBECwCIWPGzDG|AGt@[zAMv@Qp@]~AOf@,172.0,7.234458,,2567,Lunch Run,1.0,Run,2023-02-11 12:09:44,89.0,Run,,123.9
175,0.0,50.1,118.4,2.874545,,,,111.0,Garmin Forerunner 245 Music,0.53,12.633333333333333,,,1,wstmFnsrcOIQw@EIESUIYAQD}AA]OE{@AsF]Qg@GYFmCAGGA}BEIfE?n@Cd@ADIFKVOz@{@rDc@zBSLSGRK,126.0,3.536697,,667,Lunch Walk,0.0,Walk,2023-02-10 12:24:48,2.0,Walk,,
176,0.0,75.3,151.7,4.431497,,,5.0,395.0,Garmin Forerunner 245 Music,2.29,31.033333333333335,,,4,ujumFfzrcOA?@W~AgHL}@XcLEa@DSDETCLXGZAtA~@?XDf@EBwCDsA?aDHoEIQkBCcAEaAMmFSoAIMECISSe@Ac@KAWd@yEFEXBz@XPOIaAh@uIJeCRmBDEz@HlCZXA^UP_@Bc@AEGCOFC`@MXMF[Bg@GU?c@Ge@Kw@K_@M?nAOlD[dDA~@U`DE\YE[DSNEhAOfBOr@DFv@J`CBXDL`@F?^BH@xCLv@?lDTTFBFI|B?hBCr@BdAAx@MdECNG?cBMa@E@eAH]IWQAETBX@`@GrEQjEGd@_@rAiAfF,167.0,6.129380000000001,,1862,Lunch Run,0.0,Run,2023-02-09 11:34:23,45.0,Run,,
177,5.0,76.5,164.2,5.415776999999999,,,5.0,407.0,Garmin Forerunner 245 Music,2.29,25.466666666666665,,,4,y~umFrjqcO@GGYSiBCy@MgAAg@C_CEcBDcDJaANy@t@{BnAiCNg@D_@IWA_@Hm@?oAAo@Km@}@sCUi@Km@oA}ECq@Ko@Em@Gs@Ii@E_A?IP[DWAwBDw@\kBtC}K`@mBZ{@rAoETy@Lm@HcB?o@E{@Ke@Eq@`@bBFpAAz@Gz@S|@{@fCk@tA[jASh@Ip@g@dCaBxFa@bBGp@IdAAnBHnALr@d@zEMj@F^Rd@D`@XnAv@fCXr@Pz@Jp@FhAAv@Gf@[nAw@bBiApCQr@?FFPB^QjBCr@BtEN`ETnDHn@C@KYIe@OoAAc@IcA@MHXX~CBF,174.0,7.442499000000001,,1520,Lunch Run,1.0,Run,2023-02-08 12:59:35,61.0,Run,,
178,0.0,26.8,116.9,,,,,149.0,Garmin Forerunner 245 Music,,16.366666666666667,,,12,,135.0,,,982,Lunch Row,0.0,Rowing,2023-02-08 12:22:36,3.0,Rowing,,
179,0.0,51.9,115.8,3.203384,,,,61.0,Garmin Forerunner 245 Music,0.37,6.9,,,1,g|tmF~krcOkBEm@GEOLaEs@GqBECzDEhBEl@G^KDKNKNIVIXE\}@vD,122.0,3.572489,,414,Lunch Walk,0.0,Walk,2023-02-07 11:12:06,1.0,Walk,,
180,4.0,73.5,158.8,5.2905050000000005,,,4.0,217.0,Garmin Forerunner 245 Music,1.26,14.416666666666666,,,3,ikumF`qrcOx@r@D?VYHa@Rm@J}@FmDDmAFeCAw@NKRL@`@Cp@@n@~@Ex@@JPA|AKxA@|AE\Bn@Rd@b@p@^r@Px@Bn@Ep@JLPCBGO_AMmASu@cAkBIk@@w@FYBAzAHhEXJJ?DAt@Gf@?n@BHTh@\PhADt@Wb@BVFt@XdAb@b@FBBB^STYKa@Uk@Uy@WEBMpBMx@Uh@[f@cAhAv@hARRTFPHLR?TINI@OEg@m@s@q@Yi@,177.0,11.520550000000002,,858,Morning Run,4.0,Run,2023-02-07 10:49:48,28.0,Run,,
181,6.0,72.5,150.4,4.543347000000001,,,6.0,526.0,Garmin Forerunner 245 Music,3.14,41.68333333333333,,,4,qiumFdwrcO@]NaAAIUC]KO@cAGEIMBe@?E~BIj@UABkB@ODGEGC]@]ZQXJd@D`A@f@FRJTDD]XwADm@ReIAeBLYPAHXGj@B`A`@@b@Ch@BVLArAE^@v@IzCHh@HPf@r@Tf@Rv@HnAEf@HHF?JEDWOYIqAUkAO[u@aACGCm@@s@FYjBBn@FtCJBD?HKvCDRJXJJ\Nl@@b@Av@BLFCp@Y|BOf@[`@s@n@Y\]VQT]ZKL@DJDDAR]`@a@JEf@`A`AfARTREDUOSc@G[S[]Q]M_@?EjBsBNHZZd@^l@dAD@HGBUACg@Yc@[EKi@a@OUT}@RuBHWB@lA`@h@TVPJ@NK?QKCIGi@C_@OaBk@aCIk@KUYEg@Fw@HeBCIs@Bs@CGC]DeDUQCAc@DuCoBCk@CECCMFiAFg@?]UEIRBZ?pAQpJc@`CEHG?k@QaAKW?e@Ec@IKEM@ERJt@EPCzASvAWtAQj@?FJPFAToAd@_DFi@DyABYZ?rAJP?^FNH`@J`@Tj@TNJFJLDNKAYEEMAMBi@Ok@SCBGn@UtAg@~A@DDBjAXT@HBTCL@FH@JGVOFSKy@GWEi@SYCCCIWLc@,170.0,6.684156000000001,,2486,Morning Run,0.0,Run,2023-02-06 10:55:08,55.0,Run,,
182,0.0,25.2,,,,,,114.0,Garmin Forerunner 245 Music,,9.1,,,7,,,,,546,Lunch Row,0.0,Rowing,2023-02-05 11:28:13,,Rowing,,
183,0.0,75.0,,4.628353,,,,354.0,Garmin Forerunner 245 Music,1.74,22.583333333333332,,,4,,,4.977325,,1355,Lunch Run,0.0,Run,2023-02-05 11:01:06,,Run,,
184,0.0,24.0,,,,,,53.0,Garmin Forerunner 245 Music,,6.383333333333334,,,6,,,,,383,Morning Row,0.0,Rowing,2023-02-05 10:52:11,,Rowing,,
185,0.0,26.1,,,,,,242.0,Garmin Forerunner 245 Music,,21.966666666666665,,,17,,,,,1318,Lunch Row,0.0,Rowing,2023-02-04 11:35:21,,Rowing,,
186,0.0,75.6,,4.802839,,,,337.0,Garmin Forerunner 245 Music,1.78,22.283333333333335,,,2,,,4.937059,,1337,Lunch Run,0.0,Run,2023-02-04 11:10:27,,Run,,
187,0.0,25.0,,,,,,58.0,Garmin Forerunner 245 Music,,6.716666666666667,,,6,,,,,403,Lunch Row,0.0,Rowing,2023-02-04 11:00:37,,Rowing,,
188,0.0,74.7,,4.601509,,,,89.0,Garmin Forerunner 245 Music,0.46,6.033333333333333,,,1,,,4.8900820000000005,,362,Morning Run,0.0,Run,2023-02-03 10:57:59,,Run,,
189,0.0,74.0,,4.601509,,,,250.0,Garmin Forerunner 245 Music,1.25,16.316666666666666,,,3,,,5.082464,,979,Morning Run,0.0,Run,2023-02-03 10:39:31,,Run,,
190,0.0,24.3,,,,,,32.0,Garmin Forerunner 245 Music,,3.5833333333333335,,,3,,,,,215,Morning Row,0.0,Rowing,2023-02-03 10:33:43,,Rowing,,
191,0.0,75.6,,4.755862,,,,446.0,Garmin Forerunner 245 Music,2.43,30.7,,,3,,,4.923637,,1842,Lunch Run,0.0,Run,2023-02-02 12:45:05,,Run,,
192,0.0,25.5,,,,,,64.0,Garmin Forerunner 245 Music,,7.066666666666666,,,6,,,,,424,Lunch Row,0.0,Rowing,2023-02-02 12:33:01,,Rowing,,
193,0.0,73.3,,4.33978,,,,203.0,Garmin Forerunner 245 Music,1.0,13.866666666666667,,,2,,,5.084701000000001,,832,Afternoon Run,0.0,Run,2023-02-01 14:53:38,,Run,,
194,0.0,73.0,,4.415838,,,,233.0,Garmin Forerunner 245 Music,1.17,15.966666666666667,,,3,,,5.039961000000001,,958,Afternoon Run,0.0,Run,2023-02-01 14:36:20,,Run,,
195,0.0,28.7,,,,,,103.0,Garmin Forerunner 245 Music,,9.25,,,8,,,,,555,Afternoon Row,0.0,Rowing,2023-02-01 14:24:58,,Rowing,,
196,0.0,27.7,,,,,,35.0,Garmin Forerunner 245 Music,,3.05,,,4,,,,,183,Lunch Row,0.0,Rowing,2023-01-31 12:12:47,,Rowing,,
197,0.0,76.6,,4.834157,,,,202.0,Garmin Forerunner 245 Music,1.01,12.5,,,1,,,4.950481000000001,,750,Lunch Run,0.0,Run,2023-01-31 11:56:16,,Run,,
198,0.0,73.6,,4.561243,,,,251.0,Garmin Forerunner 245 Music,1.24,16.283333333333335,,,4,,,5.489598000000001,,977,Lunch Run,0.0,Run,2023-01-31 11:38:11,,Run,,
199,0.0,26.9,,,,,,85.0,Garmin Forerunner 245 Music,,8.166666666666666,,,6,,,,,490,Lunch Row,0.0,Rowing,2023-01-31 11:26:30,,Rowing,,
200,0.0,29.2,,,,,,272.0,Garmin Forerunner 245 Music,,22.666666666666668,,,16,,,,,1360,Evening Row,0.0,Rowing,2023-01-30 20:38:20,,Rowing,,
201,0.0,28.1,,,,,,157.0,Garmin Forerunner 245 Music,,12.3,,,1,,,,,738,Lunch Row,0.0,Rowing,2023-01-30 12:26:09,,Rowing,,
202,0.0,78.5,,4.852053000000001,,,,204.0,Garmin Forerunner 245 Music,1.01,12.433333333333334,,,1,,,5.015354,,746,Lunch Run,0.0,Run,2023-01-30 12:08:13,,Run,,
203,0.0,27.7,,,,,,235.0,Garmin Forerunner 245 Music,,20.083333333333332,,,1,,,,,1205,Lunch Row,0.0,Rowing,2023-01-30 11:45:17,,Rowing,,
204,0.0,27.5,,,,,,220.0,Garmin Forerunner 245 Music,,15.116666666666667,,,1,,,,,907,Lunch Row,0.0,Rowing,2023-01-29 12:02:10,,Rowing,,
205,0.0,73.7,,4.411364,,,,372.0,Garmin Forerunner 245 Music,1.71,23.3,,,4,,,5.017591,,1398,Lunch Run,0.0,Run,2023-01-29 11:34:36,,Run,,
206,0.0,24.2,,,,,,43.0,Garmin Forerunner 245 Music,,5.1,,,1,,,,,306,Lunch Row,0.0,Rowing,2023-01-29 11:25:32,,Rowing,,
207,0.0,27.9,,,,,,124.0,Garmin Forerunner 245 Music,,10.2,,,1,,,,,612,Lunch Row,0.0,Rowing,2023-01-28 12:15:50,,Rowing,,
208,0.0,,,,,,,193.0,Garmin Forerunner 245 Music,,15.083333333333334,,,1,,,,,905,Lunch Ride,0.0,Ride,2023-01-28 11:57:54,,Ride,,
209,0.0,28.9,,,,,,245.0,Garmin Forerunner 245 Music,,21.983333333333334,,,1,,,,,1319,Lunch Row,0.0,Rowing,2023-01-28 11:32:18,,Rowing,,
210,0.0,29.0,,,,,,262.0,Garmin Forerunner 245 Music,,20.066666666666666,,,1,,,,,1204,Lunch Row,0.0,Rowing,2023-01-27 12:09:36,,Rowing,,
211,0.0,74.9,,4.746914,,,,110.0,Garmin Forerunner 245 Music,0.53,6.7,,,1,,,5.0243020000000005,,402,Lunch Run,0.0,Run,2023-01-27 11:58:25,,Run,,
212,0.0,71.9,,4.391231,,,,250.0,Garmin Forerunner 245 Music,1.2,16.433333333333334,,,3,,,4.919163,,986,Lunch Run,0.0,Run,2023-01-27 11:41:26,,Run,,
213,0.0,,,,,,,76.0,Garmin Forerunner 245 Music,,7.066666666666666,,,1,,,,,424,Lunch Ride,0.0,Ride,2023-01-27 11:32:03,,Ride,,
214,0.0,,,,,,,154.0,Garmin Forerunner 245 Music,,11.733333333333333,,,1,,,,,704,Lunch Ride,0.0,Ride,2023-01-26 12:41:31,,Ride,,
215,0.0,57.4,,,,,,325.0,Garmin Forerunner 245 Music,,23.216666666666665,,,1,,,,,1393,Lunch Stair-Stepper,0.0,StairStepper,2023-01-26 12:15:45,,StairStepper,,
216,0.0,,,,,,,48.0,Garmin Forerunner 245 Music,,5.15,,,1,,,,,309,Lunch Ride,0.0,Ride,2023-01-26 12:08:58,,Ride,,
217,0.0,66.4,,,,,,152.0,Garmin Forerunner 245 Music,,9.816666666666666,,,1,,,,,589,Afternoon Stair-Stepper,0.0,StairStepper,2023-01-25 13:22:56,,StairStepper,,
218,0.0,73.6,,4.509792,,,,417.0,Garmin Forerunner 245 Music,1.95,26.0,,,7,,,4.946007,,1560,Lunch Run,0.0,Run,2023-01-25 12:51:53,,Run,,
219,0.0,,,,,,,90.0,Garmin Forerunner 245 Music,,8.133333333333333,,,1,,,,,488,Lunch Ride,0.0,Ride,2023-01-25 12:41:01,,Ride,,
220,0.0,62.5,,,,,,288.0,Garmin Forerunner 245 Music,,20.05,,,1,,,,,1203,Lunch Stair-Stepper,0.0,StairStepper,2023-01-24 12:03:13,,StairStepper,,
221,0.0,,,,,,,220.0,Garmin Forerunner 245 Music,,20.1,,,1,,,,,1206,Lunch Ride,0.0,Ride,2023-01-24 11:41:11,,Ride,,
222,0.0,74.0,,4.514266,,,,453.0,Garmin Forerunner 245 Music,2.18,29.0,,,7,,,5.008643,,1740,Lunch Run,0.0,Run,2023-01-23 11:57:13,,Run,,
223,0.0,,,,,,,74.0,Garmin Forerunner 245 Music,,8.183333333333334,,,1,,,,,491,Lunch Ride,0.0,Ride,2023-01-23 11:47:25,,Ride,,
224,0.0,73.1,,4.453867000000001,,,,493.0,Garmin Forerunner 245 Music,2.38,32.016666666666666,,,7,,,4.954955,,1921,Lunch Run,0.0,Run,2023-01-21 11:21:30,,Run,,
225,0.0,,,,,,,38.0,Garmin Forerunner 245 Music,,5.033333333333333,,,1,,,,,302,Lunch Ride,0.0,Ride,2023-01-21 11:14:23,,Ride,,
226,0.0,71.3,,4.856527,,,6.0,598.0,Garmin Forerunner 245 Music,3.15,39.21666666666667,,,4,ikumF|zrcOHIDQASRk@VgAPa@BSEI_AMqBMIHGjA@RKr@UDAGJ{BAq@DSLIPHb@F|ADd@JZJ`@sAHo@Bg@@iCJ}ABuADgAEu@DILCFBLRE\GlA[x@IrDK`C[fBAFBNMjA{@bEKCGI@Sz@qDv@yDV_JBqCTAJTG^Ef@QnJIv@[`BCb@p@Xb@JVL?XEFMDk@a@e@Oy@a@q@UU@mBMGhBGf@CJIBK?AGLaA?eACi@DOHGh@NzBFb@PRDd@_CFcAJaGF_BEq@BOVMDBDNOpC?l@GzA?zAEdBIb@c@rBCDG?GGAM\cBLcAH}DCGLaD?wALIH?JTIf@G`A?jAKbEEf@Qf@WrAi@tBs@bDQJC?,,6.572306000000001,,2333,Afternoon Run,0.0,Run,2023-01-19 17:15:01,,Run,,
227,0.0,,,,,,,237.0,Garmin Forerunner 245 Music,,22.45,,,1,,,,,1347,Afternoon Ride,0.0,Ride,2023-01-19 14:44:20,,Ride,,
228,0.0,64.9,,,,,,125.0,Garmin Forerunner 245 Music,,10.9,,,1,,,,,654,Afternoon Stair-Stepper,0.0,StairStepper,2023-01-19 14:31:48,,StairStepper,,
229,0.0,72.5,,4.075814,,,,582.0,Garmin Forerunner 245 Music,2.58,38.016666666666666,,,7,,,4.782706,,2281,Lunch Run,0.0,Run,2023-01-18 12:01:48,,Run,,
230,0.0,,,,,,,78.0,Garmin Forerunner 245 Music,,8.65,,,1,,,,,519,Lunch Ride,0.0,Ride,2023-01-18 11:49:12,,Ride,,
231,0.0,,,,,,,70.0,Garmin Forerunner 245 Music,,5.166666666666667,,,1,,,,,310,Lunch Ride,0.0,Ride,2023-01-17 11:40:14,,Ride,,
232,0.0,72.2,,4.0869990000000005,,,,325.0,Garmin Forerunner 245 Music,1.36,20.0,,,7,,,4.666382,,1200,Lunch Run,0.0,Run,2023-01-17 11:13:35,,Run,,
233,0.0,,,,,,,58.0,Garmin Forerunner 245 Music,,7.266666666666667,,,1,,,,,436,Lunch Ride,0.0,Ride,2023-01-17 11:05:34,,Ride,,
234,0.0,,,,,,,316.0,Garmin Forerunner 245 Music,,30.133333333333333,,,1,,,,,1808,Lunch Ride,0.0,Ride,2023-01-16 12:06:42,,Ride,,
235,0.0,58.7,,,,,,295.0,Garmin Forerunner 245 Music,,22.166666666666668,,,1,,,,,1330,Lunch Stair-Stepper,0.0,StairStepper,2023-01-16 11:38:21,,StairStepper,,
236,0.0,72.1,,4.194375,,,,359.0,Garmin Forerunner 245 Music,1.61,22.983333333333334,,,7,,,4.894556000000001,,1379,Afternoon Run,0.0,Run,2023-01-15 16:53:31,,Run,,
237,0.0,,,,,,,62.0,Garmin Forerunner 245 Music,,8.383333333333333,,,1,,,,,503,Afternoon Ride,0.0,Ride,2023-01-15 16:43:32,,Ride,,
238,0.0,70.0,,3.5434080000000003,,,,385.0,Garmin Forerunner 245 Music,1.82,30.8,,,7,,,4.887845,,1848,Lunch Run,0.0,Run,2023-01-13 11:31:33,,Run,,
239,0.0,,,,,,,39.0,Garmin Forerunner 245 Music,,5.116666666666666,,,1,,,,,307,Lunch Ride,0.0,Ride,2023-01-13 11:23:01,,Ride,,
240,0.0,67.0,,4.297277,,,,240.0,Garmin Forerunner 245 Music,1.0,14.216666666666667,,,1,ojumF|xrcOh@wCj@gCFe@LyBRqHIo@JSLED@NTIv@GrDIrBGfCg@jCo@fCMt@Kf@KRIAOMfAuEt@wDJwFJaD?[ESBSNID?DBFJ@RI`@KpECfCIvAIr@]jA_@nBWdAIl@,,6.435849,,837,Evening Walk,0.0,Walk,2023-01-12 18:29:51,,Walk,,
241,0.0,,,,,,,62.0,Garmin Forerunner 245 Music,,10.583333333333334,,,1,,,,,635,Afternoon Weight Training,0.0,WeightTraining,2023-01-12 13:18:17,,WeightTraining,,
242,0.0,,,,,,,397.0,Garmin Forerunner 245 Music,,30.216666666666665,,,1,,,,,1813,Lunch Ride,0.0,Ride,2023-01-12 11:43:41,,Ride,,
243,0.0,,,,,,,298.0,Garmin Forerunner 245 Music,,20.033333333333335,,,1,,,,,1202,Lunch Ride,0.0,Ride,2023-01-11 12:33:14,,Ride,,
244,0.0,66.6,,4.391231,,,,474.0,Garmin Forerunner 245 Music,2.39,32.7,,,7,,,6.9436480000000005,,1962,Lunch Run,0.0,Run,2023-01-11 11:56:47,,Run,,
245,0.0,,,,,,,82.0,Garmin Forerunner 245 Music,,9.916666666666666,,,1,,,,,595,Lunch Ride,0.0,Ride,2023-01-11 11:41:59,,Ride,,
246,0.0,75.6,,4.505318,,,,168.0,Garmin Forerunner 245 Music,0.66,8.766666666666667,,,1,,,5.259187,,526,Lunch Run,0.0,Run,2023-01-10 11:52:29,,Run,,
247,0.0,70.8,,4.775995,,,,137.0,Garmin Forerunner 245 Music,0.72,9.0,,,3,,,6.10701,,540,Lunch Run,0.0,Run,2023-01-10 11:40:58,,Run,,
248,0.0,50.9,,,,,,52.0,Garmin Forerunner 245 Music,,4.45,,,1,,,,,267,Night Elliptical,0.0,Elliptical,2023-01-09 21:16:01,,Elliptical,,
249,0.0,,,,,,,152.0,Garmin Forerunner 245 Music,,14.3,,,1,,,,,858,Evening Ride,0.0,Ride,2023-01-09 20:59:26,,Ride,,
250,0.0,72.3,,5.098123,,,,249.0,Garmin Forerunner 245 Music,1.08,12.716666666666667,,,2,,,6.057796000000001,,763,Lunch Run,0.0,Run,2023-01-09 11:39:38,,Run,,
251,0.0,74.0,,5.54776,,,,218.0,Garmin Forerunner 245 Music,1.1,11.9,,,2,,,6.395583,,714,Lunch Run,0.0,Run,2023-01-09 11:27:01,,Run,,
252,0.0,,,,,,,60.0,Garmin Forerunner 245 Music,,4.766666666666667,,,1,,,,,286,Lunch Ride,0.0,Ride,2023-01-09 11:19:07,,Ride,,
253,0.0,,,,,,,38.0,Garmin Forerunner 245 Music,,4.016666666666667,,,1,,,,,241,Lunch Ride,0.0,Ride,2023-01-09 11:14:38,,Ride,,
